:100000000C94AA040C94E4040C94E4040C94E4040A
:100010000C94E4040C94E4040C94E4040C94E404C0
:100020000C94E4040C94E4040C94E5430C94BD4457
:100030000C94323D0C94E4040C94E4040C94E40419
:100040000C94E4040C94E4040C94E4040C94E40490
:100050000C94E4040C94AA3D0C94E4040C94E40481
:100060000C94E4040C94E4040C94E4040C94E40470
:100070000C94E4040C94E4040C94E4040C94E40460
:100080000C941D1B0C94E4040C94E4040C94E40400
:100090000C94E4040C94E40407634236B79BD8A79D
:1000A0001A39685618AEBAAB558C1D3CB7CC57639D
:1000B000BD6DEDFD753EF6177231BF000000803F4B
:1000C00008000000BE922449123EABAAAA2ABECD67
:1000D000CCCC4C3E00000080BEABAAAAAA3E0000D9
:1000E0000000BF000000803F0000000000084178D1
:1000F000D3BB4387D1133D190E3CC3BD4282AD2B08
:100100003E68EC8276BED98FE1A93E4C80EFFFBEFF
:1001100001C4FF7F3F000000000000021222000324
:10012000132300041424000A1A2A000B1B2B000CB2
:100130001C2C010212220103132301041424010ABE
:100140001A2A010B1B2B010C1C2C0005152500067F
:10015000162600071727000D1D2D000E1E2E000F5E
:100160001F2F010515250106162601071727010D6A
:100170001D2D010E1E2E010F1F2F008070600081AB
:100180007161008272620088786800897969008AEA
:100190007A6A0180706001817161018272620188F6
:1001A000786801897969018A7A6A008373630084B7
:1001B000746400857565008B7B6B008C7C6C008D96
:1001C0007D6D008E7E5D018373630184746401859F
:1001D0007565018B7B6B018C7C6C018D7D6D2900BD
:1001E00014001A000800150017001C0018000C006D
:1001F000120013002A002B2104001600070009003A
:100200000A000B000D000E000F0033003400E10067
:100210001D001B000600190005001100100036002B
:1002200037003800E500000000000000E300215224
:100230002C0000002252E600000000000000010037
:100240001E001F00200021002200230024002500A2
:10025000260027000100E00035002F002F022602B3
:10026000380031002702300230002D002E0001003E
:100270001E021F0220022102220223022402250262
:100280002D022E020100000000000000E30001002A
:10029000280000002352E6000000000000000100DA
:1002A0001E001F0020002100220023002400250042
:1002B0002600270001000100E100E000E200E30069
:1002C00000005000510052004F004C00010001009E
:1002D00000000000000000000000AC00AA00A9001F
:1002E000AB00A80001000000000000000000235245
:1002F000AE00000001000000000000000000007CD3
:1003000000000000000000000000000000000000ED
:1003100000000000DF002078D400D300D200D1001C
:100320000000CF00CE00CD00D0000000DE0021781C
:10033000237825782778000000000000BE00BD006B
:1003400000000000DD00227824782678287801005B
:100350000000000001000000000000000000444513
:100360004255473A2064697361626C65642E0A00E5
:1003700044454255473A20656E61626C65642E0AB9
:10038000006C65645F7461736B3A20253032580AE3
:10039000004F6E6573686F743A20616374697665A7
:1003A0003A2025640A000A002530313662003A20DE
:1003B0000025303258000A722F6320303132333436
:1003C00035363738394142434445460A0061756441
:1003D000696F5F696E697420617564696F5F636FCF
:1003E0006E6669672E76616C6964203D20302E2030
:1003F00057726974652064656661756C74207661F6
:100400006C75657320746F20454550524F4D2E0A10
:1004100000726762206D6174726978207365742060
:100420007370656564205B25735D3A2025750A004D
:10043000726762206D6174726978207365742068D8
:100440007376205B25735D3A2025752C25752C2548
:10045000750A00726762206D6174726978206D6F31
:100460006465205B25735D3A2025750A007267621A
:10047000206D617472697820746F67676C65205BAA
:1004800025735D3A207267625F6D61747269785F8F
:10049000636F6E6669672E656E61626C65203D20D4
:1004A00025750A007267625F6D61747269785F69B1
:1004B0006E69745F64726976657273207267625FD9
:1004C0006D61747269785F636F6E6669672E6D6FB8
:1004D0006465203D20302E20577269746520646564
:1004E0006661756C742076616C75657320746F201D
:1004F000454550524F4D2E0A007267625F6D617420
:100500007269785F636F6E6669672E666C61677388
:10051000203D2025640A007267625F6D6174726914
:10052000785F636F6E6669672E7370656564203DE2
:100530002025640A007267625F6D61747269785F7A
:10054000636F6E6669672E6873762E76203D202570
:10055000640A007267625F6D61747269785F636FCD
:100560006E6669672E6873762E73203D2025640AB7
:10057000007267625F6D61747269785F636F6E6647
:1005800069672E6873762E68203D2025640A007204
:1005900067625F6D61747269785F636F6E666967C9
:1005A0002E6D6F6465203D2025640A007267625FCE
:1005B0006D61747269785F636F6E6669672E656ED0
:1005C00061626C65203D2025640A007267625F6D80
:1005D00061747269785F636F6E6669672045455024
:1005E000524F4D0A006565636F6E6669675F75708F
:1005F000646174655F7267625F6D61747269785F70
:1006000064656661756C740A0000010101010101F5
:1006100001010102020202020202020203030303B9
:100620000303030304040404040404050505050589
:100630000606060606070707070708080808090947
:1006400009090A0A0A0B0B0B0C0C0C0D0D0D0E0EF2
:100650000E0F0F0F10101111111212131314141585
:100660001516161717181819191A1A1B1B1C1D1DF9
:100670001E1E1F202021222223242425262627284F
:1006800029292A2B2C2D2D2E2F303132323334357F
:10069000363738393A3B3C3D3E3F40414243444582
:1006A000464748494A4C4D4E4F5051535455565861
:1006B000595A5B5D5E5F616264656668696B6C6D0B
:1006C0006F7072737577787A7B7D7E808283858781
:1006D000888A8C8E8F91939596989A9C9EA0A2A3BF
:1006E000A5A7A9ABADAFB1B3B5B7BABCBEC0C2C4C4
:1006F000C6C9CBCDCFD1D4D6D8DBDDDFE2E4E7E984
:10070000EBEEF0F3F5F8FAFDFF0A00253032582041
:10071000006E6B726F5F7265706F72743A20253075
:100720003258207C20000A002530325820006B65AA
:1007300079626F6172645F7265706F72743A2025BE
:10074000303258207C200064656C5F6B65795F6295
:1007500069743A2063616E27742064656C3A2025C1
:100760003032580A006164645F6B65795F62697456
:100770003A2063616E2774206164643A2025303228
:10078000580A005B575D005B535D005B525D005B88
:10079000445D005B435D001A0350006C0061006E15
:1007A0000063006B0020004C006900670068007463
:1007B0000000000A034F004C004B00420000000400
:1007C0000309040902B800050100A0FA09040000A9
:1007D0000103010100092111010001224400070564
:1007E0008103080001090401000103000000092140
:1007F00011010001226D0007058203200001090498
:10080000020001030000000921110100012215006E
:1008100007058303200001080B0302010100000902
:100820000403000001010000092401000109000186
:10083000040904040002010300000724010001412F
:10084000000624020101000624020202000924031A
:10085000010301020100092403020401010100094E
:100860000505024000050000052501010109058478
:1008700002400005000005250101031201000200ED
:10088000000008A803A2BE0100010200010631FF1A
:100890000974A1010975150026FF009520750881CE
:1008A00002C005010980A101850319012AB70015BD
:1008B0000126B700950175108100C0050C0901A142
:1008C00001850419012AA002150126A002950175CF
:1008D000108100C005010906A1018506050719E080
:1008E00029E7150025019508750181020507190002
:1008F00029EF1500250195F0750181020508190100
:100900002905950575019102950175039101C005B1
:10091000010906A101050719E029E7150025019540
:1009200008750181029501750881010507190029E3
:10093000FF150026FF0095067508810005081901BE
:10094000290515002501950575019102950175038D
:100950009101C00011241FBECFEFD0E2DEBFCDBF9A
:1009600004B603FE18C08091B80A9091B90AA0910C
:10097000BA0AB091BB0A8730904BA740B04B59F4EC
:100980001092B80A1092B90A1092BA0A1092BB0AD1
:10099000E0E0F0EF099515E0A0E0B1E0EAE3FAE964
:1009A00000E00BBF02C007900D92AC39B107D9F738
:1009B0002AE0ACE9B5E001C01D92A83BB207E1F71F
:1009C0000E940A160C94914C0C940000FF93EF9334
:1009D000E0919C05F0919D05309709F00995EF9104
:1009E000FF910895FC018591803011F0EFDFFBCF7E
:1009F0000895FF27E0E230E247FF0CC0419597FFE2
:100A000009C0EDE26095709580959095611D711D0E
:100A1000811D911D27FF02C0219530E350E2AA27D6
:100A2000660F771F881F991FAA1FA41710F0A41B19
:100A300063955A95A9F7AA3008F0A95FA05DAF9316
:100A4000F395611571058105910541F7ED3211F4BA
:100A5000EF93F395F21718F43F93F395FBCF8F9133
:100A6000B5DFFA95E1F70895E991F9918591803024
:100A700021F0853219F0AADFF9CF089520E0E8943B
:100A800055915532C1F3503311F4689455915A334E
:100A900048F4505390F3220F022E220F220F200D04
:100AA000250FF4CF0EF4219589919991533619F3BE
:100AB000533729F1533559F1BC0188279927E89418
:100AC0005C3621F48991999168945591543639F4A2
:100AD00046EF7EF077FF0DC08FEF9FEF0AC05537CE
:100AE0004AE039F0583540E121F0523642E009F051
:100AF0000895FF93EF937DDFEF91FF91B7CFFF93C1
:100B0000EF93FC0181918030B9F360DFFBCFFF935D
:100B1000EF9368DFF1CFDF93CF93CDB7DEB72596A4
:100B2000A3DFCF91DF910895569A5E9A0E946814D0
:100B30000895833039F4653029F48AE2FA0180831C
:100B400081E0089580E0089580E00E9436330E949D
:100B50002A3D08958430B8F46430A8F44C3098F4F9
:100B600050E09CE0699F400D511D1124FA0190E373
:100B7000899FE00DF11D1124EE0FFF1FE252FE4F81
:100B800085919491089581E090E008950E94AA05CE
:100B9000089581E008950E94C905089581E00895AF
:100BA0000E94C90508950E94D005089508950E94E5
:100BB000D6050895A6E0B0E0E0EEF5E00C948B4B8E
:100BC00049835A839E833091A30589819A8131118B
:100BD0001AC03E81332399F0222389F00E94280C09
:100BE000182F682F89819A810E94040C69817A816B
:100BF000812F0E9466132696E3E00C94A74B0E9477
:100C0000160C182FF3CF0E94280C69817A81F1CF3E
:100C1000FC01262F408151816281738184819581FD
:100C20000E94DA050895CF93DF93EC0161E00E9402
:100C30000806BE010E94CB05DF91CF910895CF93A6
:100C4000DF93EC0160E00E940806BE010E94D70518
:100C5000DF91CF91089581E008950E942B060895B9
:100C60001F93CF93DF93182F0E94D90A0E94533805
:100C70000E94673DEC0140E063E070E087EC91E0AA
:100C80000E94F416812F0E942D06CE010E947F3D06
:100C90008A3F910530F00E949016DF91CF911F910D
:100CA00008958FE99FE00197F1F700C00000EDCFB4
:100CB00081E00E9430060E94CE3D089580E00E94AF
:100CC00030060E94F23D08950F931F93CF93DF9358
:100CD0008C0161E00E940806EC01B8010E94D30576
:100CE000811106C080E0DF91CF911F910F9108958F
:100CF000B801CE010E9439168823A1F3B801CE01B4
:100D00000E94F838882371F3B801CE010E94B23AEC
:100D1000882341F3B801CE010E944F37882311F395
:100D2000B801CE010E9425378823E1F2B801CE0137
:100D30000E94A7368823B1F2F8018581882369F0E3
:100D4000C330FCE7DF07A1F160F4C130ECE7DE0758
:100D500089F1C0F4C115DC4791F0C8010E94CE05AD
:100D6000C2CFCB35ECE7DE0759F1CC35FCE7DF0726
:100D700021F1CA35DC4789F70E948210EECF0E942C
:100D80005806B0CF90916806892F8E7F90FF8160C2
:100D90008093680680FF09C080E793E09F938F935C
:100DA0000E948B050F900F909DCF8EE593E0F6CFBC
:100DB0000E948A100E945E0695CF0E947810CDCFC7
:100DC0000E948610CACF0E942D0780E00E94363311
:100DD0000E94A4050895829590E09C01220F331F84
:100DE000220F331F2C7C9595879595958795837356
:100DF000282B30E0C901880F991F8A7A35952795ED
:100E00002575822B0895CF93DF93D92F0E94EB068F
:100E1000C82F8D2F0E94EB069C2FDF91CF91089554
:100E2000089581E008950895CF93DF93D82F0E940D
:100E30001107C82F882319F08D2F0E9413078C2FBC
:100E4000DF91CF9108950895CF93C82F0E94100786
:100E50008C2F0E941407CF9108950E94FB3A0E94A4
:100E600024070895CF930E94FB3AC82F80919E05D6
:100E70008C1701F1C0939E050E94733D60939F05FE
:100E80007093A0058093A1059093A20580916806B8
:100E90008570853061F41F92CF9381E893E09F9332
:100EA0008F930E948B050F900F900F900F908C2FB7
:100EB0000E942407CF910895ADE0B0E0E2E6F7E0AC
:100EC0000C948C4B488759876A877B878C879D87D2
:100ED00091110E94750F1F8286E0FE013896DE0197
:100EE000119601900D928A95E1F78D8181110DC0C7
:100EF00029813A814B815C816D817E818F810E9445
:100F0000BF0E2D96E2E00C94A84BCE0101960E94F4
:100F100013068111EDCFF5CFFC012481213021F49E
:100F2000808191810E945A0C0895CF93C82F882305
:100F3000C9F08238C9F40E94083B81FD13C089E3DF
:100F40000E94C23C0E9409102FEF87EE93E02150CF
:100F500080409040E1F700C0000089E30E94D93C46
:100F60000E940910CF9108958338A1F40E94083B94
:100F700080FDF8CF83E50E94C23C0E9409102FEF4C
:100F800081EE94E0215080409040E1F700C00000E5
:100F900083E5E4CF8438A1F40E94083B82FDE2CFD0
:100FA00087E40E94C23C0E9409102FEF81EE94E07A
:100FB000215080409040E1F700C0000087E4CECF90
:100FC0008CEF8C0F813A70F48C2F0E94173C882391
:100FD00029F08C2F0E94D93C0E9409108C2F0E946E
:100FE000C23CBECF80E28C0F883048F4C77081E0ED
:100FF00001C0880FCA95EAF70E94580FB1CFEBE500
:10100000EC0FE33040F4F0E0E953FB4F808190E0D7
:101010000E94AB3BA7CFC85ACB3108F0A3CFEC2F2F
:10102000F0E0EE0FFF1FEF56FB4F808191810E9491
:10103000D03B98CF882309F44DC0823879F40E94C0
:10104000083B81FF47C089E30E94C23C0E9409100F
:1010500089E30E94D93C0E9409100895833859F40D
:101060000E94083B80FF36C083E50E94C23C0E947C
:10107000091083E5EECF843859F40E94083B82FFC3
:1010800029C087E40E94C23C0E94091087E4E1CF96
:101090009CEF980F913AE8F290E2980F983050F454
:1010A000877091E001C0990F8A95EAF7892F0E9415
:1010B0005E0FD1CF9BE5980F933028F490E080E04D
:1010C0000E94AB3B0895885A8B3120F490E080E079
:1010D0000E94D03B08951F93CF93DF93182FEB010D
:1010E0000E949507209739F4812F0E941A08DF91FA
:1010F000CF911F9108958FE99FE00197F1F700C00C
:1011000000002197EFCF70E060E0893311F460E5D3
:1011100070E00E946B080895882321F00E94580F08
:101120000E9409100895882321F00E945E0F0E94FA
:1011300009100895B0E0A0E0E0EAF8E00C94854BD7
:101140006C01D62FC72FFC011581068102950F7007
:101150000E944E0FE82E8823F9F0E12E1123E1F0D2
:101160008C2F807F803461F080E28D0F883008F111
:101170008C2F807E803221F4D230D8F00023C9F049
:1011800080911E0982FF15C082E00E9439100E94E2
:101190004E0F91E0E82EE926BC2EB2949FE0B922D2
:1011A000FBE0FB15B8F1EB2DF0E0ED56F34B0C94A2
:1011B000644BE12CF1CF0C2F0F70C07F11F0029522
:1011C000007F112399F0002359F080E28D0F8830C1
:1011D00010F0D11107C0802F0E94580F0E940910F3
:1011E0008D2F5AC0802F0E94680FF8CF8D2F0E943C
:1011F0001A08002379F080E28D0F883010F0D111A9
:1012000004C0802F0E945E0F03C0802F0E946E0FCB
:101210000E940910EB2DE850FF0B349720F40E9438
:10122000FB3A0E942407EE2089F00E944A0F80FDBD
:101230000DC0F60115820E94440F0E94620BC60188
:101240000E94A40A0E94440F0E94720BCDB7DEB721
:10125000E9E00C94A14B2C2F2F70F22EC07FC032EE
:1012600019F0F29480EFF822DD2341F0D130D1F172
:10127000112309F444C00023F1F0B2CF80911E097C
:1012800082FD15C0112359F0FF2029F08F2D0E94F7
:10129000580F0E94091080E00E949507BBCF80E0A4
:1012A0000E941A08FF2009F4B5CF8F2DABCF112370
:1012B00069F0011104C08F2D0E948C08ABCF013062
:1012C00009F0A8CF8F2D0E948C0FA4CF0111A2CFBF
:1012D0008F2D0E9493088F2D0E94980F8F2D0E94B2
:1012E0007C0F98CF112321F0063008F093CFE3CF85
:1012F000053008F08FCF8F2D0E9493088BCF0023ED
:10130000D1F3D93349F43FEF87EE93E03150804079
:101310009040E1F700C000008D2F0E941A087ACF9C
:101320008C2F86958695837069F0813009F072CF95
:101330008D2F9C2F9370111102C080E090E00E94CD
:10134000D03B68CF8D2F9C2F9370111102C080E08D
:1013500090E00E94AB3B5ECF8C2F8370A1F5111102
:1013600059CF4D2F429546954770440F440F2D2F6E
:101370002F7030E0042E02C0220F331F0A94E2F7D0
:1013800090E080E0D4FF09C08FE090E002C0880FB9
:10139000991F4A95E2F780959095C695C695C370BA
:1013A000822B932BC23049F058F4C13019F00E94BF
:1013B000320B30CF0E94290B2DCF0E943B0B2ACF3E
:1013C0000E94260B27CF8695112311F08C2F817058
:1013D000882309F41FCF4D2F429546954770440F3F
:1013E000440F2D2F2F7030E0042E02C0220F331F28
:1013F0000A94E2F790E080E0D4FF09C08FE090E02B
:1014000002C0880F991F4A95E2F780959095C6957E
:10141000C695C370822B932BC23049F058F4C1306B
:1014200019F00E949D0BF6CE0E94940BF3CE0E9401
:10143000A60BF0CE0E944A0BEDCECF70112329F0FF
:101440008C2F0E94620B8D2F37CF8D2F0E94930817
:101450008C2F0E94720BDECED23F41F160F4D03F60
:10146000B9F0D13F81F0112309F446C00111B8CE83
:101470008C2F8F711FC0D33F01F1D43FA1F7809112
:101480001E0982FD24C08C2F8F71112311F312C00D
:10149000112341F0053008F0BDCE8C2F8F710E94D2
:1014A000840BB8CE063008F0B5CEF7CF8C2F8F71F5
:1014B0001111CFCF0E94620BADCE112329F08C2FDA
:1014C0008F710E94560BA6CE0E94510BA3CE112302
:1014D00049F0CF718C2F0E94620B63E08C2F0E9429
:1014E0001B1098CE81E00E943910023008F492CE91
:1014F00082E00E9439108ECE002359F0D93309F0D2
:101500000BCFEFEFF7EE23E0E150F0402040E1F7A2
:1015100001CF8C2F8F719DCF0F931F93CF93DF93AC
:10152000EC01688179818D810E94650C8C010E949B
:10153000AF0B0E94250BB801CE010E949A08DF91E3
:10154000CF911F910F910895CF93DF93EC018C8180
:10155000882399F0CE010E946406811111C00E9477
:101560004E0F882351F08D81882339F080911E0918
:1015700082FF03C082E00E943910DF91CF9108956D
:10158000CE010E948C0ACE010E941F06F6CF90E089
:1015900080E00E94AB3B90E080E00E94D03B0E9444
:1015A000750F0E94091008950E94F03C0E94C70A1E
:1015B00008950E94650F0E94D40A089592959F7025
:1015C000963091F058F4925F9F70923058F4803FBB
:1015D00019F030F4883E30F481E008959A5FF4CF3A
:1015E000843FD1F380E00895883EB0F3813FD1F786
:1015F000F3CFFC012481222339F0808191810E9464
:101600005A0C0E94DE0A089580E00895A6E0B0E03A
:10161000ECE0FBE00C948C4B2696E2E00C94A84B9B
:10162000A7E0B0E0E6E1FBE00C948C4B2796E2E00B
:101630000C94A84B08950E941A0B08950E941B0B4E
:101640009093BF058093BE05089508950E941E0BD8
:1016500008952091BE053091BF05822B932B0E94E7
:101660001E0B08952091BE053091BF058223932360
:101670000E941E0B08952091BE053091BF05822760
:1016800093270E941E0B08950E941A0B08950E9432
:10169000440B08950E94470B9093BD058093BC05B1
:1016A000089590E080E00E944A0B089521E030E028
:1016B000A90102C0440F551F8A95E2F7CA010E9492
:1016C0004A0B089521E030E002C0220F331F8A95B3
:1016D000E2F78091BC059091BD05822B932B0E946F
:1016E0004A0B089521E030E002C0220F331F8A9593
:1016F000E2F7209530958091BC059091BD0582233D
:1017000093230E944A0B089521E030E002C0220F8B
:10171000331F8A95E2F78091BC059091BD05822721
:1017200093270E944A0B08952091BC053091BD0576
:10173000822B932B0E944A0B08952091BC05309177
:10174000BD05822393230E944A0B08952091BC0576
:101750003091BD05822793270E944A0B0895089572
:10176000262F277091E001C0990F2A95EAF723E010
:10177000769567952A95E1F7660F771F660F771FB5
:10178000FA01E60FF71F50E040E0682F70E081910A
:10179000DF0111979B01042E02C0369527950A940C
:1017A000E2F7217021952827292328272C934F5FC2
:1017B0005F4F4430510559F70895A82FA77023E0D3
:1017C000969587952A95E1F7880F991F880F991F9D
:1017D000FB01E80FF91F50E040E080E0219130E08C
:1017E0000A2E02C0369527950A94E2F72170332716
:1017F000042E01C0220F0A94EAF7822B4F5F5F4F3D
:101800004430510559F70895262F943070F48C30E8
:1018100060F4682F70E08CE0989F600D711D1124BA
:1018200044EA55E0822F0E94B00B0895292F94308E
:1018300068F48C3058F490E064EA75E03CE0239F53
:10184000800D911D11240E94DD0B089580E0089504
:10185000B0E0A0E0EEE2FCE00C94854B7C0100914E
:10186000BC051091BD058091BE059091BF05082B68
:10187000192BCFE0D0E0CC24C394D12CBC2EC601D0
:101880000C2E02C0880F991F0A94E2F7802391233F
:10189000892B49F4219790F7B12C8B2DCDB7DEB76A
:1018A000E9E00C94A14BB7018C2F0E9472130197B1
:1018B00089F3F3CFCF93DF93EC010E94280CBE0194
:1018C0000E947213DF91CF9108951F93CF93DF93FE
:1018D000EB019091A305992339F0CB010E945A0C9A
:1018E000DF91CF911F910895882369F0CB010E9469
:1018F000280C182F682FCE010E94040CBE01812FE6
:101900000E947213EDCFCB010E94160C182FF6CF58
:101910001F93CF93DF93C091C00517E08091C1055D
:101920008C1304C0DF91CF911F910895D0E01C9FCC
:10193000F0011D9FF00D1124EE53FA4F20813181EB
:10194000428153816481758186810E94100B2196AA
:10195000C770E4CF2091FA053091FB054091FC055A
:101960005091FD056091FE057091FF058091000684
:101970000E94100B0895CF93DF9380910006807F23
:1019800009F04DC08091FF05882309F448C0E0911B
:10199000C0055091C105C091FB05D091FA05609139
:1019A000FC057091FD0547E05E17C9F18E2F90E0B0
:1019B000E49FF0011124EE53FA4F2481222391F188
:1019C000489FF001499FF00D1124DF01AE53BA4F3B
:1019D00011962C9111972C1325C02C912D1322C0F8
:1019E00015962C91159721111DC012962D913C91A1
:1019F000261B370B283C3105A8F4809100068F7018
:101A0000806180930006E853FA4F80818F70806177
:101A100080838AEF95E00E94A40A0E94880CDF91DF
:101A2000CF910895FC013196E770BECF482F2091E9
:101A3000C0059091C10557E0291302C080E00895C8
:101A400030E0529FF001539FF00D1124EE53FA4FF6
:101A50008181681306C08081481303C0858181118C
:101A6000EECF2F5F3F4F2770E7CFA4E1B0E0EBE36D
:101A7000FDE00C94824B8C0186E0F801DE011F969C
:101A800001900D928A95E1F7F8018481E5809AEF43
:101A9000A92E95E0B92E9091FE0591111FC08823C3
:101AA000D1F0EE20A9F0C8010E94F90AF82E88238F
:101AB00079F087E0F801D50101900D928A95E1F760
:101AC000C5010E948C070E94BB0C0E94AA0C5FC03B
:101AD000C8010E94A40AFF24F39459C0C080D18099
:101AE00082809380F090FF052091FC053091FD05E8
:101AF000A401421B530BFF2009F4F9C0483C5105D7
:101B000008F0A7C0882309F442C09091FB0580919A
:101B10000006282F207F09F05CC09D1116C090910F
:101B2000FA05C91212C0E1104EC08F708061809317
:101B300000060E94AA0C8AEF95E00E94A40A8091F8
:101B40000006F8018683F12C22C0E1103CC06D2D07
:101B50008C2D0E94160D6D2D8C2D0E94160DE82ED9
:101B60008111F1CFCF86D88A8F8598890E945A0C2F
:101B7000292F22952F70243078F49F702230A8F0FE
:101B80009923B9F0F8019681907F99F4FE2C8F2D5E
:101B90006496ECE00C949E4B2A5F2F70223068F024
:101BA000C8010E94A40AEF2CF1CF992311F08823D9
:101BB00069F3805E883050F3F3CF803F38F3815F64
:101BC000833070F7E3CF8091000681608093000638
:101BD000BACF9D1113C09091FA05C9120FC0E11040
:101BE0000DC08683C8010E94A40A87E0F801AAEF0D
:101BF000B5E001900D928A95E1F767CFC8010E9488
:101C0000F90A882309F464CFEE2009F461CF8091AA
:101C10000006803288F02091FA053091FB05398763
:101C200028879B868A869091FE059C871D868E87D5
:101C3000CE0108960E94A40A87E0F801AAEFB5E059
:101C400001900D928A95E1F70E94BB0C0E94AA0CAC
:101C500042CF90910006292F207FA1F4682D9A8A07
:101C6000898AA6017A899E2D0E94060B8AEF95E04B
:101C70000E94A40A87E0F50111928A95E9F70E9473
:101C8000AA0C61CF882309F482CF8091FB058D11C6
:101C900010C08091FA05C8120CC0E1100AC09683EA
:101CA000C8010E94A40A87E0F50111928A95E9F71C
:101CB0006ECFC8010E94F90A882309F409CFEE20EB
:101CC00009F406CF80910006803208F4B5CF209148
:101CD000FA053091FB053A8329839C828B8290918F
:101CE000FE059D831E828F83CE010196A3CF483CC3
:101CF0005105B8F5882309F4EECEFE2CEE2009F448
:101D0000E7CE8091FB058D111EC08091FA05C812A7
:101D10001AC08091000680FD0DC0982F907F51F071
:101D20008683903F09F45ECF982F907F905F8F70ED
:101D3000892B57CF87E0F801AAEFB5E001900D920B
:101D40008A95E1F724CFC8010E94F90A811174CF66
:101D500080910006816080930006C8010E94A40A59
:101D600016CF682D9A8A898AA6017A899E2D0E94AB
:101D7000060B87E0F50111928A95E9F7A6CEAEE051
:101D8000B0E0E5ECFEE00C948B4B288739874A875E
:101D90005B876C877D878E87CE0108960E94350D04
:101DA0008823B1F06C85662341F0288539854A8502
:101DB0005B857D858E850E94100B17E08091C005A4
:101DC0009091C10589133DC02E96E3E00C94A74B7A
:101DD00087E0FE013896DE01119601900D928A95FA
:101DE000E1F78C85882349F32091C10530E0C901D2
:101DF0000196877099274091C0054817190699F0F8
:101E000097E0929FD001939FB00D1124AE53BA4F2B
:101E1000FE01319601900D929A95E1F78093C105EC
:101E20000E94880CCACF0E94D90A1092C105109254
:101E3000C00587E0EAEFF5E0DF011D928A95E9F73A
:101E4000BCCF819FC00111248E539A4F0E94350D43
:101E5000882309F4B9CFE091C0051E9FF001112439
:101E6000EE53FA4F20813181428153816481758123
:101E700086810E94100B8091C00590E001968770CA
:101E800099278093C0059ACF8091290686958695DB
:101E90008695089580912906877008959091290666
:101EA000977081E009F480E00895809155060895C7
:101EB00090915506892B80935506089580959091B1
:101EC0005506982390935506089510925506089547
:101ED00090915406892B8093540608958095909193
:101EE000540698239093540608951092540608952A
:101EF00008950E94780F089590912A06292F28238B
:101F000031F08095892380932A060E94790F0895E5
:101F100008950E94880F089590912B06292F282359
:101F2000281729F0982B90932B060E94890F08956B
:101F300090912B06292F282331F0809589238093B7
:101F40002B060E94890F089580912B06882329F083
:101F500010922B0680E00E94890F0895CF93C091C4
:101F6000550680915406C82B80912B06882331F0AA
:101F7000C82B0E94F53B81110E94A40F8C2FCF919A
:101F80000895CF93DF93C091E101D091E2010E94C7
:101F9000AE0F8883C091E101D091E20148E050E0AA
:101FA00061E276E0CE010E94164C892B59F088E060
:101FB000FE01A1E2B6E001900D928A95E1F7CE0113
:101FC0000E940B3BDF91CF910895CF93DF93C09197
:101FD000DF01D091E0010E94AE0F8983C091DF0143
:101FE000D091E00140E250E061E076E0CE010E9455
:101FF000164C892B59F080E2FE01A1E0B6E0019079
:102000000D928A95E1F7CE010E94593BDF91CF9165
:10201000089580916A04882339F080911D0987FF13
:1020200003C00E94E50F08950E94C10F089508950E
:102030000E941710089590911E0992FF11C098E018
:10204000899F90011124622B609329060E94620BE4
:10205000809129068695869586950E941810089588
:102060000E94620B08951092290680E00E941810C9
:102070000895909129068095892380932906282F19
:10208000277069F4891759F090911E0992FF07C0D3
:102090008695869586950E94720B0E94331008954E
:1020A000CF93C82F80911E0982FB992790F99C1726
:1020B000E9F0C0FB82F980931E0980911D0990917F
:1020C0001E090E94AB1082E00E94391080916806C0
:1020D00080FF0CC01F92CF9381E993E09F938F9371
:1020E0000E948B050F900F900F900F90CF91089545
:1020F00080911E0982FB882780F991E089270E9440
:102100005010089581E00E945010089580E00E94D0
:10211000501008956FEF7FEF90E080E00E94784CC0
:10212000089590E080E00E94444C21E0863E9E4F5E
:1021300009F020E0822F089582E090E00E943C4C5C
:10214000089583E090E00E943C4C089584E090E084
:102150000E94444C0895BC0184E090E00E94784CB9
:10216000089587E090E00E943C4C0895682F87E036
:1021700090E00E945A4C0895AB01BC018FE090E0C2
:102180000E946C4C0895AB01BC0183E190E00E9479
:102190006C4C089560E070E0CB010E94C31008957C
:1021A00060E070E0CB010E94BC100E94CA1008954C
:1021B000A8E0B0E0EEEDF0E10C948C4B66EE7EEF23
:1021C00090E080E00E94784C60E082E090E00E9425
:1021D0005A4C81E090E09093BF058093BE0561E08A
:1021E00083E090E00E945A4C60E074E184E090E06B
:1021F0000E94784C60E086E090E00E945A4C60E0DB
:1022000087E090E00E945A4C40E050E0BA0188E03C
:1022100090E00E946C4C60E084E290E00E945A4C96
:1022200060E087E190E00E945A4C60E08CE090E032
:102230000E945A4C60E08DE090E00E945A4C198256
:102240001A821B821C821D821E821F82188648E011
:1022500050E068E170E0CE0101960E944A4C40E0F7
:1022600050E0BA0180E290E00E946C4C0E94D010D5
:102270002896E2E00C94A84B0E94D8100895682F8D
:102280008EE090E00E945A4C0895A6E0B0E0EBE4A6
:10229000F1E10C948A4B0E94673D8C0180915606B7
:1022A000909157068017910781F019821A820E9437
:1022B000673D682F49815A81792F80E090E00E9424
:1022C0005C0710935706009356062696E4E00C949C
:1022D000A64B0E94733D60936406709365068093DD
:1022E000660690936706609360067093610680931C
:1022F0006206909363060895089508950E947C11E4
:10230000089508950E948111089588E890E40E943C
:1023100017160E947D110E947E11089581E0089594
:102320000E948E1108950E948E11089508950895B7
:102330000E9496110E94971108950E949110811198
:1023400002C00E943C110E949C10809368060E946B
:10235000A61090931E0980931D090E9422370E94A7
:10236000A11090E00E94260B8091BC059091BD05C4
:102370000E94470B08950E945E3D0E946F150E94C7
:102380009D110E9423070E946C170E94C9320E946F
:1023900082110895A6E0B0E0E0EDF1E10C94804BED
:1023A0000E94901181110EC00E9445110E94923826
:1023B0000E94102F0E94A5210E9432072696EEE06F
:1023C0000C949C4B0E94851528E5822E26E0922EC7
:1023D000640110E0F601E190F1906F01812F0E94FD
:1023E0006D141F5F143009F44EC0E816F90691F31E
:1023F0008091680681FD0E9476140E949311682ED8
:1024000010E0812F0E946D147C01F401A190B19025
:102410004F018A159B0589F100E0CC24C394D12C8F
:10242000AE24BF24C5018C219D21892BE9F077249E
:102430007394C7018C219D21892B09F4712C66208E
:1024400071F009831A830E94673D682F8B839C83F8
:1024500049815A81792F81E0972D0E945C07472D91
:10246000602F812F0E946E280F5FCC0CDD1C0C307A
:10247000C9F6F4013297F182E0821F5F143009F649
:102480000E94691193CFE816F90609F0B1CF8CCFFD
:102490001F93CF93DF930E947713EC01C11580E562
:1024A000D807F0F5C11580E4D80708F09CC0C03EFD
:1024B000D10520F5CD3CD10508F082C0C83AD10540
:1024C00078F4C53AD10508F073C0C130D10519F1CF
:1024D000209709F1C430D105F0F4D0E0C0E01BC072
:1024E000C33CD105D0F7C85AD0E0CC0FDD1FC6538E
:1024F000DB4F0990D881C02DD4640DC0C11580E296
:10250000D80708F0D1C0C11581E0D80708F05AC03B
:10251000C83ED10510F7CE01DF91CF911F910895EC
:10252000C03682E5D80718F5C03482E5D80708F030
:102530006BC0C03282E5D80708F05FC0C11582E5E4
:10254000D80708F497C02C2F2695269580E2289F5F
:10255000900111248C2F8370C1E0D0E002C0CC0F19
:10256000DD1F8A95E2F7C22BD32BDD68D4CFC03AAA
:1025700082E5D80760F4C03882E5D80708F459C06E
:10258000CF71D0E0DC2FCC27C46FD06AC4CFC03C61
:1025900082E5D80708F462C0C03E82E5D80708F09B
:1025A0009CCFDC2FCC27CC27DF71C06FD06AB3CF94
:1025B000C55AD0E0C050DB4FC881D0E0D064ABCF6B
:1025C000D065A9CF8D2F0E941914182FCE019927FD
:1025D0000E947713C12FD0E0DC2FCC27CC27DF71EE
:1025E000C82BD92B98CFCE0199270E947713CC27DF
:1025F000DF70C82BD92BD06A8ECFCF71D0E0DC2F03
:10260000CC27C16FD06A87CF2C2F269526952770AF
:1026100080E2289F900111248C2F8370C1E0D0E0CC
:1026200002C0CC0FDD1F8A95E2F7C22BD32BDC68EA
:1026300072CF2C2F26952695277080E2289F900137
:1026400011248C2F8370C1E0D0E002C0CC0FDD1FBD
:102650008A95E2F7C22BD32BDA685DCF8C2F8F716E
:102660000E941914C82FD0E0DC2FCC27CC27DF71B3
:10267000D06251CF8C2F8F710E94191455E0D695DE
:10268000C7955A95E1F7CF70D0E0DC2FCC27282FE3
:1026900030E084FF05C044E0220F331F4A95E1F784
:1026A000C22BD32BD06937CF8D2F8F710E94191475
:1026B000182FCE0199270E947713C12FD0E0DC2F6D
:1026C000CC27CC27DF71C82BD92BD2CF462F743023
:1026D00030F46C3020F4672F0E94C605089590E016
:1026E00080E008950E9466130E944812089582387F
:1026F0009105B9F1B0F48133910509F47DC048F436
:102700008932910509F46DC08A32910509F47BC0C4
:1027100008958533910509F45FC08933910509F166
:102720000895833E9105D9F138F4803E910529F151
:10273000823E910579F10895863E9105D9F1873E53
:10274000910509F43EC0843E910541F520911E0992
:1027500021FF24C080911D0984FD19C087EE90E0FF
:10276000089520911D09237009F05AC020911E0977
:1027700023FF14C089E290E0089520911D0920FDF7
:1027800038C030911E0930FF09C024FF43C090E0DB
:1027900080E0089520911D0922FDF7CF0895209132
:1027A0001D0922FD3AC030911E0930FD39C024FFB9
:1027B000F5CFEDCF20911D0923FFF0CF24FDE7CF0A
:1027C000CDCF20911D0923FD2EC030911E0931FF70
:1027D000EECF84EE90E0089520911D0925FFDECF15
:1027E000C9CF20911D0925FD21C020911E0923FF7D
:1027F000D5CF89E390E0D2CF20911D0926FFCECF1F
:102800008AE290E0089520911D0926FFC7CF81E359
:1028100090E0089583EE90E0089582EE90E00895B0
:1028200080EE90E0089586EE90E0089585E390E0D4
:10283000089590911D0992FF10C041E0282F247146
:10284000243009F040E031E0282F2871283009F0C9
:1028500030E0431711F02CE0822793FF10C041E0D5
:10286000282F2471243109F040E031E0282F28710D
:10287000283109F030E0431711F02CE08227309125
:102880001E0930FF10C051E0282F2171213009F0BE
:1028900050E041E0282F2871283009F040E054171B
:1028A00011F029E0822731FF10C041E0282F21716B
:1028B000213109F040E031E0282F2871283109F05A
:1028C00030E0431711F029E0822794FD877E0895B8
:1028D000089508950E9469140895E82FF0E0EE0F1E
:1028E000FF1FE95DF64F808191810895B0E0A0E07F
:1028F000ECE7F4E10C94824B86EB93E09F938F938B
:102900000E948B0587E2E82E89E0F82E0F900F9049
:10291000912C812C91EBA92E93E0B92E2EEAC22E98
:1029200023E0D22E08EA13E0C6EAD3E09F928F920A
:10293000BF92AF920E948B05DF92CF920E948B05CF
:10294000F701819191917F010E9403079F938F93DB
:102950001F930F930E948B05DF93CF930E948B05EB
:102960009FEF891A990AEDB7FEB73C960FB6F89417
:10297000FEBF0FBEEDBFF4E08F169104B9F6CDB7E0
:10298000DEB7ECE00C949E4B80EA8A95F1F708954F
:1029900000C008950E94C4140895F894E82FE295A9
:1029A000EF70F0E031A1282F2F7081E090E001C09E
:1029B000880F2A95EAF7982F9095932391A392A1D7
:1029C000892B82A378940895CF93DF9380E30E94AC
:1029D000CD1487EC0E94CD1480EF0E94CD1481EFBE
:1029E0000E94CD14C3E0D5E089918F3F11F00E9481
:1029F000CD1485E0CF30D807B9F7DF91CF91089596
:102A0000AF92BF92DF92EF92FF920F931F93CF93FB
:102A1000DF938C01D62EC62FD0E0CE01815F9A4F76
:102A20007C01FC0120812F3F09F44CC0F894E22F77
:102A3000E295EF70F0E031A12F7081E090E001C0ED
:102A4000880F2A95EAF7932F982B91A392A180954E
:102A5000892382A378940E94C814E3E0F5E041E062
:102A600050E0B12CA12C21912F3FB1F1A22FA295C2
:102A7000AF70B0E090968C9190E02F7002C0959569
:102A800087952A95E2F780FD27C0CA01A82AB92AAE
:102A9000440F551F85E0EF30F80729F7F7018081D3
:102AA0008F3F11F00E94CD1461E0A114B10409F42C
:102AB00060E08D2D0E94CA14CC0FDD1FC00FD11F06
:102AC000B982A882DF91CF911F910F91FF90EF9073
:102AD000DF90BF90AF90089590E080E0D7CF0E9444
:102AE000E41488E0E7E2F9E0DF01982F1D929A955F
:102AF000E9F7EFE1F9E0DF011D928A95E9F784E05B
:102B00000E94C0150E9494050895A8E0B0E0EBE88B
:102B1000F5E10C94894B8E010F5F1F4F88E0F8019F
:102B200011928A95E9F7F12C6F2DC8010E940015CA
:102B3000F394F4E0FF12F8CF48E050E0B8018FE1E1
:102B400099E00E94164C21E0009709F420E0892BBF
:102B500041F088E0F801AFE1B9E001900D928A956B
:102B6000E1F744E067E279E08FE199E00E94C11566
:102B7000182F0E946A14812F2896E5E00C94A54B2B
:102B80000895B0E0A0E0E7ECF5E10C94864B6C0111
:102B90007B01042FC22F222379F081E080936B0602
:102BA0000E94673D90936A068093690680E0CDB7E6
:102BB000DEB7E8E00C94A24BD0916B06DD23B1F3B5
:102BC0008091690690916A060E947F3D059770F397
:102BD00010E0000F111FA801B601C7010E94164C9A
:102BE000892B31F0A801B601C7010E94234CCD2FDB
:102BF00010926B068C2FDBCF0E9412410E94BB11FA
:102C00000E941F4108950E9424410E94CA110E94FF
:102C1000254108950E942B3D0E94F6400E94851197
:102C20000E94FC150E9403160E949811FBCF9093FE
:102C30009D0580939C0508958554990BBC01990FBF
:102C4000880B990B0E94F44720E030E040E451E407
:102C50000E944A479B01AC0160E070E080E090E494
:102C60000E94784920E030E04CED53E40E940B498B
:102C70000895FB01803824E7920739F48581882381
:102C8000A1F10E94041A80E00895813824E7920798
:102C900031F48581882349F10E94161AF4CF8238D5
:102CA00024E7920741F485818823F9F00E948C166D
:102CB0008111F2CFE6CF843924E7920769F4858148
:102CC000882399F00E94A71B40E064E070E083EE47
:102CD00091E00E94F416D7CF8539944731F485816D
:102CE000882319F00E94B21BEFCF81E008950E9463
:102CF0001C160E94C01808950E941C160E94A1175D
:102D000008950E9490160895E3E8F9E080818760B5
:102D100080830E94B6100895809183098170089580
:102D200080910302811122C0109277060E940C1B31
:102D30001092760610927506109273061092720623
:102D4000E3E4F9E080E090E0A0E8BFEB11821082BC
:102D500082839383A483B58317821682389629E0F1
:102D6000E338F20799F781E0809303020895809198
:102D700077060895CF92DF92EF92FF92E091770667
:102D80008E17F0F4E150E81B88E0E802F00111240E
:102D9000ED5BF64FC280D380E480F58020E030E028
:102DA000A901C701B6010E94454718164CF4C70196
:102DB000B6010E94421CFF90EF90DF90CF900895E3
:102DC00060E070E0CB01F7CF9C01A3E5B7E00E9483
:102DD0006D4B20913C0230E0220F331F50E040E069
:102DE0000E94234BC9010895FF920F931F93CF9325
:102DF000DF93EC018B01F42E8091830980FD07C0E5
:102E00000E949016CDB7DEB7E5E00C94A54B672B7A
:102E1000C9F380916C06811102C00E946C178091E9
:102E2000750681110E94901681E0809376061092BB
:102E30006F06D0934209C093410910933009009363
:102E40002F09F092840910927106109270066C811D
:102E50007D818E819F810E94C347CB010E94E41631
:102E6000AC01688179818A819B810E9416180E9439
:102E7000673D90936E0680936D06E0914109F09155
:102E80004209809170069091710623E0880F991F86
:102E90002A95E1F7E80FF91F648175818681978192
:102EA0000E94C347CB010E94E4169093730680935F
:102EB0007206A8CF8091830980FF07C040E063E0DD
:102EC00070E084E292E00E94F4160E94673D9093C5
:102ED0006E0680936D06089580916C06811130C056
:102EE0000E94B1108093830982FD0EC08091680614
:102EF00080FF08C08DEC93E09F938F930E948B0519
:102F00000F900F900E948416E3E4F9E080E090E0D7
:102F1000A0E8BFEB1182108282839383A483B583E0
:102F200017821682389629E0E338F20799F70E9453
:102F3000FB1A81E080936C060E9490160E945A173B
:102F40000895B0E0A0E0E7EAF7E10C94864B6B014E
:102F50007C0120E030E0A9010E94454787FF04C0C2
:102F6000F7FAF094F7F8F09480917506882309F445
:102F700058C080916C06811102C00E946C1703E456
:102F800019E0C7E0D0E0A7019601F80162AD73AD8A
:102F900084AD95AD0E94454781113CC083E0CC0FC4
:102FA000DD1F8A95E1F7CD5BD64F1982188280E04C
:102FB00090E0A0E8BFEB8A839B83AC83BD831F8234
:102FC0001E82AC01BD01F9E0CB37DF0789F4C1E017
:102FD000C0937406809177068150809377068111A3
:102FE00020C00E940C1BC09303021092750619C0EA
:102FF00088E0FE013896DE0101900D928A95E1F796
:10300000198618864A875B876C877D871F861E8690
:103010002896D9CF219708501109CF3FDC0709F036
:10302000B2CFCDB7DEB7E8E00C94A24BB0E0A0E0A1
:10303000ECE1F8E10C94824B6B017C018A018091F8
:10304000830980FF7AC080916C06811102C00E94C2
:103050006C1720E030E0A901C701B6010E94454786
:1030600087FF04C0F7FAF094F7F8F094D091770650
:103070002D2F2150330B59013FEFA316B30609F052
:1030800040C0DF5FD93008F478C088E080937706CD
:1030900083E499E028E0FC013896DC0101900D9270
:1030A0002A95E1F70896E9E08B379E0799F781E0CA
:1030B0008093740680937506C0917706C150DD0B2E
:1030C0000E94673DFE0123E0EE0FFF1F2A95E1F706
:1030D000ED5BF64F91838083C282D382E482F582D6
:1030E000178306830E94673D90938606809385062A
:1030F00080910302882309F10E94111B10920302A0
:103100001CC0C50133E0880F991F3A95E1F7FC0117
:10311000ED5BF64F4F01A7019601628173818481B7
:1031200095810E944547811124C0E4018091770672
:103130008150990BA816B9062CF0CDB7DEB7ECE09C
:103140000C949E4BFFEFAF1ABF0A88E0FE01389641
:10315000DE0101900D928A95E1F70E94673D998703
:103160008887CA86DB86EC86FD861F870E872896B1
:10317000DDCF21E0A21AB1087FCFD093770697CF99
:103180004FEF5FEF0E94161808958F929F92AF92B3
:10319000BF92DF92EF92FF920F931F93CF93DF9333
:1031A00080917506811105C0C0917606CC2309F483
:1031B000B0C00E94673DEC01D0907606D11023C0CC
:1031C000D12C80917506CD2D8823A1F0C091870662
:1031D000C11105C0C0918806C11101C0CD2D03E405
:1031E00019E0F12CE12C809177068E151F0411F067
:1031F0000CF0EBC080917406882309F48AC0109209
:103200007406C82F86C080916D0690916E060E944C
:103210007F3D20917206309173068217930780F2EA
:1032200080916D0690916E060E947F3D20917206FE
:10323000309173067C01E21AF30AD0936E06C093B4
:103240006D06A0907006B0907106C501019690932E
:103250007106809370060E94673D90938606809366
:10326000850600912F091091300980917006909188
:1032700071068017910748F0C0918409CC2309F4A6
:1032800046C01092710610927006C0914109D0910B
:103290004209809070069090710680916F0633E02D
:1032A000880C991C3A95E1F7811140C0F50123E0A3
:1032B000EE0FFF1F2A95E1F7EC0FFD1FDE01A80DB1
:1032C000B91D2D913D914D915C91608171818281FB
:1032D00093810E944547811129C081E080936F0648
:1032E00082E090E00E94E416AC0160E070E0CB0167
:1032F0000E941618B0927106A092700682E090E0CB
:103300000E94E41690937306809372065ACF0E942F
:1033100090168C2FDF91CF911F910F91FF90EF901E
:10332000DF90BF90AF909F908F90089510926F069E
:10333000FE01E80DF91D64817581868197810E94E7
:10334000C347CB010E94E416015011092091700679
:10335000309171068E159F0518F420173107D8F0AB
:103360008C010E191F09E816F90610F001E010E0B3
:1033700083E0220F331F8A95E1F7C20FD31F6881C4
:1033800079818A819B81A8010E9416181093730687
:103390000093720616CFE81AF90A2F5F3F4F309359
:1033A00071062093700693E0220F331F9A95E1F780
:1033B000FE01E20FF31F64817581868197810E946F
:1033C000C347CB010E94E416C1CFF80186819781E3
:1033D00001978E3F9F4F88F4F801808191810E9470
:1033E0007F3DF801268137818217930730F0628193
:1033F0007381848195810E94A117FFEFEF1AFF0A64
:10340000085F1F4FF0CE08958091830981608093FB
:1034100083090E94B6100E94031A40E062E070E047
:1034200084E192E00E94F4160895089540E062E07D
:1034300070E084E092E00E94F4160E94151A2FEFCB
:1034400081EE94E0215080409040E1F700C0000000
:103450000E949016809183098E7F809383090E9439
:10346000B6100895CF92DF92EF92FF926B017C012C
:1034700020E030E0A9010E94454781110AC08091F7
:1034800090008F7380939000FF90EF90DF90CF902B
:10349000089580919000806880939000C09280068B
:1034A000D0928106E0928206F092830620E030E01E
:1034B00040E051E4C701B6010E940B499B01AC01F9
:1034C00060E074E284E79BE40E944A476B017C0160
:1034D0000E94C347709397006093960060914502E5
:1034E00070E090E080E00E94F447A70196010E94FE
:1034F0000B4920E030E048EC52E40E944A470E9429
:10350000C3477093990060939800BECFE1E7F0E065
:10351000808182608083E0E9F0E080818068808340
:103520000895E1E7F0E080818D7F8083E0E9F0E0BD
:1035300080818F7380830895CF92DF92EF92FF9204
:103540006B017C0120E030E0A9010E944547811118
:103550000AC0809180008F7380938000FF90EF906D
:10356000DF90CF90089580918000806880938000E4
:10357000C0927C06D0927D06E0927E06F0927F0695
:1035800020E030E040E051E4C701B6010E940B4961
:103590009B01AC0160E074E284E79BE40E944A472F
:1035A0006B017C010E94C347709387006093860083
:1035B0006091450270E090E080E00E94F447A7012E
:1035C00096010E940B4920E030E048EC52E40E9452
:1035D0004A470E94C3477093890060938800BECF1A
:1035E000EFE6F0E080818D7F8083E0E8F0E080818D
:1035F0008F73808308950E94911A3E9A0E94F01A58
:10360000259A92E0909390008AE1809391009093A4
:1036100080008093810008950E94911A0E94F01A00
:1036200008950E94861A80917506882329F080E00B
:103630000E94BA160E94321A08951F920F920FB676
:103640000F9211240BB60F92CF92DF92EF92FF925E
:103650002F933F934F935F936F937F938F939F939A
:10366000AF93BF93EF93FF93809178069091790683
:10367000A0917A06B0917B060196A11DB11D8093A1
:10368000780690937906A0937A06B0937B066091B2
:1036900078067091790680917A0690917B060E9457
:1036A000F2476B017C0120E030E040E85CE3609190
:1036B00080067091810680918206909183060E9417
:1036C0000B499B01AC01C701B6010E94454787FD2C
:1036D00027C0109278061092790610927A061092FE
:1036E0007B060E94C51890917506911109C09091B2
:1036F0007606911105C00E94911A0E94F01A10C01E
:10370000882371F080E00E94BA160E94321A0E944B
:10371000B716823090F381E00E94BA160E949C1A7C
:10372000FF91EF91BF91AF919F918F917F916F9199
:103730005F914F913F912F91FF90EF90DF90CF904D
:103740000F900BBE0F900FBE0F901F901895809199
:10375000840690E0019669E070E00E940F4B809330
:10376000840608958091840690E0089669E070E0F0
:103770000E940F4B8093840608958F929F92AF9280
:10378000BF92CF92DF92EF92FF926B017C01BA0160
:10379000550F880B990B0E94F4474B015C01AC015B
:1037A0009B01C701B6010E943A486B017C0120E0F1
:1037B00030E0A9010E94454787FF08C0A501940198
:1037C000C701B6010E94D9466B017C01C701B60151
:1037D000FF90EF90DF90CF90BF90AF909F908F9031
:1037E00008958F929F92AF92BF92CF92DF92EF9205
:1037F000FF924B015C010E94673DBC0190E080E0BC
:103800000E94F2476B017C0120E030E048EC52E47A
:1038100060913D0270913E0280913F029091400282
:103820000E940B499B01AC01C701B6010E944A47A7
:1038300044E150E00E94BD1BC0904102D090420282
:10384000E0904302F09044020E94BC47660F771F4D
:10385000660F771F6D5E7A4FFB01608171818281F7
:103860009381A70196010E947849A50194010E94C5
:103870000B49FF90EF90DF90CF90BF90AF909F905B
:103880008F900895CF92DF92EF92FF920F931F9344
:103890006B017C0180918506909186060E947F3D98
:1038A0008C0164E670E00E94FB4AE0918406E930F6
:1038B00038F4F0E0E156F34B0C94644B1092880618
:1038C000809187068823A9F020E030E0A90160916B
:1038D00041027091420280914302909144020E9401
:1038E0000649181634F4C701B6010E94F11B6B019A
:1038F0007C01C701B6011F910F91FF90EF90DF90FF
:10390000CF9008951092880681E080938706D8CFE3
:10391000109288066431710538F46A30710540F000
:1039200089E180934502CCCF88E1693C7105C8F3F9
:103930008CE0F7CF1092880620E030E040EA52E4B5
:10394000C701B6010E94454787FDBACF20E030E0AD
:1039500040E253E4C701B6010E94454787FF29C0F2
:103960000E94FE4B68E270E00E940F4BBC01645C59
:103970007F4F072E000C880B990B0E94F4476B01B8
:103980007C010B30110598F00531110508F0B2C02B
:103990002EEC2003C001219F900D1124865E9B4FC9
:1039A0006AE070E00E94FB4A6093450289CF82E39F
:1039B000B8CF20E030E040EA53E4C701B6010E94EE
:1039C000454787FF23C00E94FE4B68EE73E00E94CC
:1039D0000F4BBC0168517C4F072E000C880B990BD4
:1039E0000E94F4476B017C010630110500F305319C
:1039F000110508F07FC02EEC2003C001219F900D1F
:103A00001124865E9B4F6FE070E0CCCF20E030E069
:103A100040E254E4C701B6010E94454787FF24C035
:103A20000E94FE4B60ED77E00E940F4BBC01685492
:103A3000744F072E000C880B990B0E94F4476B0102
:103A40007C010031110508F4B2CF0531110508F0F1
:103A500051C02EEC2003C001219F900D1124865EE1
:103A60009B4F65E070E09ECF20E030E040EA54E4F8
:103A7000C701B6010E94454787FF22CF0E94FE4B37
:103A800060ED77E00E940F4BBC016854744F072E25
:103A9000000C880B990B0E94F4476B017C010432E7
:103AA000110508F484CF0333110520F52EEC200313
:103AB000C001219F900D11248A50964FA4CF81E020
:103AC000809388066431710590F420E030E040E88E
:103AD0005EE36A30710520F020E030E040E05FE313
:103AE000C701B6010E940B496B017C0121CF693CE3
:103AF000710518F010924502E3CE90E080E00E943C
:103B0000F24720E030E040EA51E40E94D84620E04D
:103B100030E044E353E40E944A479B01AC010E9419
:103B20000B4920E030E048E451E40E940B490E9438
:103B3000C3478CE0861BF5CE81E0809388062AE09F
:103B4000269FC001279F900D112468EB7BE00E9407
:103B5000FB4A8C5D954097FF03C091958195910933
:103B6000BC017727072E000C880B990B0E94F447A5
:103B70002EE333EC4EE259E30E940B4920E030E0A3
:103B800040EC5EE30E94D9460E94C3470DCF81E01E
:103B900080938806C80183709927892B19F1C80181
:103BA0008170992724E6289FB001299F700D112468
:103BB00090E080E00E94F24720E030E040E05EE3E9
:103BC0000E940B4920E030E040E45FE30E94D946C8
:103BD0000E94C3476093450207701127012B09F02B
:103BE0006FCE88CF82E380934502F6CF81E0809349
:103BF000880682E3809345020C3F1A4308F460CEA6
:103C000090E080E00E94F24720E030E047E153E49A
:103C10000E94D84620E030E04AE754E40E944A4738
:103C200020E030E048E452E40E940B4920E030E01C
:103C300040EA51E40E943A480E94BC47660F771F51
:103C4000660F771F6D5E7A4FFB01208131814281C3
:103C50005381C701B6010E940B496B017C0130CE34
:103C6000881F8827881F089591E0883F08F490E016
:103C7000892F0895982F907F903BE9F040F4903978
:103C8000D1F0903AC1F09038B1F080E00895903DC5
:103C900019F020F4903CC9F782E00895903E59F065
:103CA000903F99F7815F8F3080F7E82FF0E0ED5972
:103CB000FA4F8081089583E00895FC017383628345
:103CC0000895FC01758F648F0895CF93DF93EC0105
:103CD0001DA21FA21EA2BC01685D7F4F40EC88514F
:103CE0009F4F0E942E211B821A821D821C821F82DE
:103CF0001E82198618861B861A861D861C861F86BC
:103D00001E86198A188A1B8A1A8A1D8A1C8A1F8A8B
:103D10001E8A198E188E1B8E1A8E1D8E1C8E1F8E5B
:103D20001E8E19A218A2DF91CF910895EF92FF92F3
:103D30000F931F93CF93DF93EA018A01060F111DA2
:103D400088519F4F7C01C017D10729F4CDB7DEB74A
:103D5000E6E00C94A44B6991C7010E943521F3CF92
:103D6000FC01718360830895FC0171A360A3089531
:103D7000A3E0B0E0EEEBFEE10C94844B7C016B0120
:103D8000142FB22EA02EDC0195968C91959784303D
:103D900059F55A96ED91FC91309799F1CB01019725
:103DA00063E070E00E94FB4ACB01880F991F860FE9
:103DB000971F4983BA820B834C2D481B9E012F5FAE
:103DC0003F4FBC01C7010995D7015E96ED91FC916B
:103DD000309731F00A2D2B2D412FB601C7010995DF
:103DE0002396EAE00C94A04B6230710509F455C0AB
:103DF0006330710599F06130710509F481C0D12CEF
:103E0000C12CD7015C96ED91FC913097E9F20A2D17
:103E10002B2D412FB601C7010995D6CF842F807F66
:103E2000803A11F148F48038D1F0803951F7D70148
:103E30001496ED91FC910AC0803ED9F0803FF1F0DC
:103E4000803BF9F6D7011296ED91FC913097C9F2BB
:103E5000123FE9F02A2D4B2D612F6F701BC0D70147
:103E60001696ED91FC91F2CFD7011896ED91FC9149
:103E7000EDCFD7011A96ED91FC91E8CF423F09F6BC
:103E8000D7011C96ED91FC91309709F4BACF2A2DF9
:103E90004B2D62EFC701099597CF842F807F803D1E
:103EA000B1F0803FC9F0803C09F0ABCFD7011E963E
:103EB000ED91FC91309709F4A4CF812F8D7F4B2D8C
:103EC000612F6F70813F89F0C70109957DCFD701C0
:103ED0005096ED91FC91EECF433F51F4D7015296AD
:103EE000ED91FC91309709F48CCF4B2D612FECCFE5
:103EF000413F09F086CFD7015496ED91FC91F2CF66
:103F0000842F0E94341E882359F0D7015696ED91D4
:103F1000FC91309709F475CF612FC701099554CFF3
:103F2000163F09F06ECFD7015896ED91FC91F1CF75
:103F3000FF920F931F93CF93DF93EC01162F862FE1
:103F40000E94341E882389F0FDA081E08DA300E04B
:103F500020E0412F61E070E0CE010E94B81EFDA27A
:103F6000CDB7DEB7E5E00C94A54B812F0E94301E43
:103F70004DA1882309F443C0443029F01AA381E0FD
:103F800090E09FA38EA3812F0E943A1E813051F0B2
:103F90008823A9F0823089F0833079F01DA21FA216
:103FA0001EA2DECF8DA300E020E0412F61E070E093
:103FB000CE010E94B81E1DA2D3CF8DA3D1CF103F3A
:103FC000B1F0173F59F72EA13FA1C90163E070E09E
:103FD0000E94FB4AFE01E80FF91F12A3B9016F5FAF
:103FE0007F4F7FA36EA30CA12BA14AA1E1CF84E058
:103FF0008DA31AA381E090E09FA38EA3B1CF4423A9
:1040000009F4AECF2EA13FA1C90163E070E00E9488
:10401000FB4AFE01E80FF91F12A3B9016F5F7F4F42
:104020007FA36EA38130910569F0029709F098CFC4
:104030000CA12BA14AA1CE010E94B81E8DA18430F3
:10404000C9F68ECF423009F08BCF00E0F2CFB0E05E
:10405000A0E0EDE2F0E20C94864BEC01E8A1F9A1BE
:10406000309709F009956E0188EEC80ED11CC60183
:104070000E94642110E000E0E82EF12C0E151F05CF
:1040800028F0CDB7DEB7E8E00C94A24B60E0C601A3
:104090000E947821682FCE010E94981F61E0C6011E
:1040A0000E9488210F5F1F4FE9CF0895633071058B
:1040B00009F049C0842F807F803821F1803909F0D0
:1040C00042C0622F6F776953770B072E000C880B65
:1040D000990B0E94F44720E030E040E451E40E9454
:1040E0004A479B01AC0160E070E080E090E40E94F0
:1040F000784920E030E04CED53E40E940B490E94E7
:10410000C0180895622F6F776953770B072E000C44
:10411000880B990B0E94F44720E030E040E451E422
:104120000E944A479B01AC0160E070E080E090E4AF
:104130000E94784920E030E04CED53E40E940B49A6
:104140000E94A11708954C3F11F40E949016089503
:10415000A7E0B0E0EEEAF0E20C948A4B8C01CE01CD
:1041600001960E94F040811104C02796E4E00C946F
:10417000A64B8A810E943A1E9A819D839B819E83D1
:104180009C819F8381110AC08981843079F08730B6
:1041900069F0863069F0853011F781E0AE014B5F40
:1041A0005F4F682FC8010E94961ED9CF83E0F6CFDB
:1041B00082E0F4CFA4E0B0E0E0EEF0E20C94874BB4
:1041C0007B01142FD22E4A832B830C83842F0E94D1
:1041D0003A1E811122C082E0E816F104C9F083E0A2
:1041E000E816F10441F081E0E816F10469F485E095
:1041F000173F21F404C087E0073F09F084E089837A
:10420000CE0101960E94EA402496E7E00C94A34B6D
:1042100087EFD812F3CF86E0F2CF12951F70198383
:10422000EFCF85E899E00E94651E6AED70E285E8AF
:1042300099E00E94B01E68EA70E285E899E00E9469
:10424000B41E66E570E285E899E00E94611E65E5AE
:1042500070E285E899E00E945D1E0895FC014283AA
:10426000748363831182108208951F93CF93DF9329
:10427000EC01162F0E94A021482F298130E0C901AE
:1042800001966A8170E00E940F4B588158171906F9
:1042900041F4842F0E94A32180E0DF91CF911F91F0
:1042A00008958B819C81280F391FF9011083898122
:1042B00090E001966A8170E00E940F4B8983842F01
:1042C0000E94A32181E0E9CFCF93DF93EC010E940C
:1042D000A02199812881921740F0C92FC21B0E940A
:1042E000A3218C2FDF91CF910895CA819C0FF5CF28
:1042F000FC018081860F9927991F628170E00E94DE
:104300000F4B23813481280F391FF90180810895D3
:104310001F93CF93DF93EC01162F0E94A021282F2B
:104320008881810F9927991F6A8170E00E940F4B45
:104330008883822F0E94A321DF91CF911F9108953E
:104340008FB7F89408958FBF089585E899E00E948B
:1043500027200895EF92FF920F931F93CF93DF933F
:10436000EB01E82FD1110EC0442321F0F0E0E75F0C
:10437000F94FE4916E2F7E2F8E2FCDB7DEB7E6E09A
:104380000C94A44B0D2F10E0282F30E0442329F08B
:10439000275F394FF901249130E0F6E0CF9FC0014B
:1043A0001124EFEFF0E0BF010E94FB4AAB018C2F1C
:1043B00090E0880F991FA5E5A49FB001A59F700DFF
:1043C0001124861B970B982F990F980FBF01601B24
:1043D000710B629FD001639FB00D729FB00D1124CD
:1043E0008B2F9D9FB0011124672F7727EF01C61BEC
:1043F000D70BBE01629FE001639FD00D729FD00D6D
:1044000011247F01E91AF108E09EB001E19E700DD0
:10441000F09E700D1124672F7727E61BF70BE29FA4
:104420008001E39F100DF29F100D1124E12F722FD8
:104430004230510599F048F44115510569F0413079
:10444000510581F0EB2F8D2F07C04430510569F0E5
:1044500080F046305105B1F76E2F8FCFE22F7B2FC2
:10446000812FFACFE22F7D2FF7CFEB2F822F712FE5
:10447000F3CF7B2F822FED2FEFCF41E00E94AA21B7
:10448000089530E020E0869F212D969F200D311D5C
:104490001124C9010895AC018230910508F40895F2
:1044A0009FEF413E8EE1580740F49A0195E0369522
:1044B00027959A95E1F798E0920F61E0E62FE90FD2
:1044C000FF27FF1F9F0135952795822F229FF0011F
:1044D000239FF00DF00D11244E175F0738F49FEF66
:1044E000920F961758F78FEF860F08952F3FE9F335
:1044F00061E0620FF6CF40914C0250914D0225E0F1
:1045000038E0429FC001439F900D529F900D1124AF
:10451000875E994C90934D0280934C02890F0895C9
:10452000E82F86FDE0952E2F2F7086FD2F5FE695F4
:10453000E695E695E670F0E0E558FA4F9181929F96
:10454000902D212D112492959F702295207F922BE2
:104550002081920F87FD919580E8890F0895E42FBF
:10456000F0E0EE0FFF1FEC5CFE4F408134EE439F06
:10457000412D1124E72FF0E050E0445E5F4FDA0157
:10458000A21BB1099D01B7FF03C0319521953109E7
:1045900093E0220F331F9A95E1F7AF01421B530BB3
:1045A0009A0157FD20E0279F212D1124722F089595
:1045B000E42FF0E0EE0FFF1FEC5CFE4F408134EE85
:1045C000439F412D1124E82FF0E050E0445E5F4FFF
:1045D000DA01A21BB1099D01B7FF03C031952195F6
:1045E000310993E0220F331F9A95E1F7AF01421B87
:1045F000530B9A0157FD20E0582F259F212D1124A0
:10460000822F0895622F0895E42FF0E0EE0FFF1F30
:10461000EC5CFE4F6081621B0895E42FF0E0EE0F2A
:10462000FF1FEC5FFE4F61A9621B0895322F50E01F
:10463000FA01EE0FFF1FEC5FFE4F91A9905297FD1C
:104640009195440F551FFA01EC5CFE4F2081231B0E
:10465000330B290F311D97FD3A95620F0895EF92A4
:104660000F93972F23E0029FB00111247595679552
:104670006E0D792F0F91EF9008950F93CF93DF93E5
:10468000D72FC82F47FD419588E390E0841B9109FF
:1046900047FD9395889FB001899F700D700D11247F
:1046A000229FC001239F900D900D1124860F971F0C
:1046B0000E944B22982F990F890F682F600F7D2F32
:1046C0008C2FDF91CF910F9108950F931F93522F4D
:1046D00010E0F801EE0FFF1FEC5FFE4FA1A9A05202
:1046E000BB0B9D015203F001539FF00D1124000FED
:1046F000111FD801AC5CBE4F0C910057110B400349
:104700009001419F300D11242E0F3F1F37FF02C033
:1047100021583F4F220F232F221F330B620F1F916F
:104720000F9108950F931F93522F10E0F801EE0F91
:10473000FF1FEC5FFE4FA1A9A052BB0B9D015203CE
:10474000F001539FF00D1124000F111FD801AC5C34
:10475000BE4F0C910057110B40039001419F300D4B
:1047600011242E0F3F1F37FF02C0215C3F4F96E000
:10477000359527959A95E1F7620F1F910F9108954E
:104780000F931F9310E0F801EE0FFF1FEC5CFE4F3C
:104790009081905797FD9195000F111FF801EC5FE4
:1047A000FE4F01A90052110B2003F001219FF00DD3
:1047B000112408E310E0091B110997FD139540032C
:1047C0009001419F300D1124E20FF31F9F01220F32
:1047D000331F2E0F3F1F37FF02C021583F4F220FBC
:1047E000232F221F330B620F1F910F9108950F93F8
:1047F0001F93CF93DF938B01D82FC42F822F0E945A
:104800009022EC2FF0E0EE0FFF1FEC5CFE4F90814A
:104810009058890F87FD8195880F682F2CE0629F43
:10482000612D1124600F712F8D2FDF91CF911F917A
:104830000F910895E42FF0E0EE0FFF1FEC5CFE4FA8
:104840009081921B97FD9195292F38E1239F212D6F
:104850001124620F08952091760A30E1230F08F4A5
:104860002FEF60E1822F90E00E944122BC0188EB93
:104870009BE00E94FB4A90E080E008954095282F3D
:10488000429F412D1124842F0895409520E4429F9A
:10489000412D1124640F0895EF92FF920F93970119
:1048A00095E0099F200D311D11242F3F310519F08E
:1048B00010F02FEF30E02095382F320F08F43FEF43
:1048C000832F0F91FF90EF900895EF92FF920F9337
:1048D0001F930E0D1F2D111DF90137FF03C0F19518
:1048E000E195F10924E0EE0FFF1F2A95E1F7EF3F74
:1048F000F10519F014F0EFEFF0E09A0157FF03C053
:1049000031952195310994E0220F331F9A95E1F7F3
:104910002E173F070CF4F901E00FF11FEF3FF105EF
:1049200019F010F0EFEFF0E0E095282F3E2F230F65
:1049300008F42FEF822F1F910F91FF90EF900895B1
:10494000EF92FF920F93972F093438F4B701601B51
:1049500071096F3F710519F010F06FEF70E0485F5B
:104960005F4F4131510540F0A901485F5F4F413130
:10497000510510F06FEF70E06095482F460F08F476
:104980004FEF842F37FF02C02D5F3F4F359527959E
:10499000359527956091730A620F792F0F91FF90DB
:1049A000EF900895EF92FF920F939701201B31092A
:1049B0002F3F310519F010F02FEF30E0322F3095F6
:1049C000482F430F08F44FEF842F620F0F91FF9091
:1049D000EF900895EF92FF920F939701201B3109FA
:1049E0002F3F310519F010F02FEF30E02095382FD0
:1049F000320F08F43FEF832F0F91FF90EF9008954F
:104A000090914207892B809342070895FC019B01F6
:104A1000009729F480E077FF2BC080E80895AC016F
:104A200097FF04C044275527481B590BB901640F51
:104A3000751F37FD10C0241B350BC901A5E0880F79
:104A4000991FAA95E1F70E940F4B80E2861BF7FFA2
:104A50000FC081950895CB0165E0880F991F6A9575
:104A6000E1F7BA01621B730B0E940F4B80E6EECF99
:104A700008950F931F93CF93DF93D62F172FC82F2F
:104A8000C901272F201B022FBA010E940625982F4B
:104A9000990F990F782F791B700F719F712D112429
:104AA0006D2F8C2FDF91CF911F910F9108950F9350
:104AB0001F93CF93DF93D62FC72F182FC901212F14
:104AC000201B022FBA010E940625982F990F990FDB
:104AD000891B800F282F219F212D1124822F6D2FBC
:104AE0007C2FDF91CF911F910F910895EF920F933B
:104AF0001F93CF93DF93D62F172FC82FC9010E19FD
:104B0000070FBA010E940625702F781B719F712D27
:104B100011246D2F8C2FDF91CF911F910F91EF906A
:104B20000895EF920F931F93CF93DF93D62FC72F44
:104B3000182FC9010E19010FBA010E940625081B82
:104B4000202F219F212D1124822F6D2F7C2FDF916B
:104B5000CF911F910F91EF9008950F93CF93DF9313
:104B6000D72FC82FC901BA010E940625682F600FF0
:104B70007D2F8C2FDF91CF910F910895EF920F939E
:104B8000CF93DF93D72FC82FC9010E19BA010E9406
:104B90000625602F681B7D2F8C2FDF91CF910F9101
:104BA000EF90089548E050E068E170E082E79AE015
:104BB0000E944A4C1092420708950E943D22089597
:104BC000B0E0A0E0E6EEF5E20C947F4B782E662E86
:104BD000862F90E02CE0729E80011124F801EC5F9A
:104BE000FE4FE80FF91FC081CF3FA9F1B12CA12CD6
:104BF000812CD0E09E01220F331FA9014C5C5E4F37
:104C00006A01E901CB5CDE4F0059184F080F191FEC
:104C10007501912C88E2582EF701EC5FFE4F8081E0
:104C20008F3F59F078101CC069101AC0F80120811C
:104C300030E2230F08F42FEF208393944FEFE41A10
:104C4000F40A5CE09512E8CF83948CE0A80EB11CC6
:104C5000E4E08E12DDCFCDB7DEB7EFE00C949B4BD6
:104C600090E0F6012081FC01EE0FFF1FEC5CFE4F8F
:104C70003081231B330B4881880F991FFC01EC5FA7
:104C8000FE4F81A9481B550B229FB001239F700D39
:104C9000700D1124449FC001459F900D900D11246B
:104CA000860F971F0E944B22893238F6252D382F08
:104CB000231B08F420E0F701E059F84F213108F0F8
:104CC00020E13081320F08F43FEF3083B6CF80917E
:104CD000680680FF08C085EE95E09F938F930E9441
:104CE0008B050F900F9085E38093720A80916B047F
:104CF00090916C04A0916D048093730A9093740A50
:104D0000A093750A8FE78093760A8FEF8093770AD6
:104D10000E94D22508958091680680FF89C08BEC9F
:104D200095E09F938F930E948B05809168060F906A
:104D30000F9080FF7DC08091720A83701F928F93C5
:104D40008CEA95E09F938F930E948B058091680673
:104D50000F900F900F900F9080FF6AC08091720AA1
:104D6000869586951F928F938FE895E09F938F93FA
:104D70000E948B05809168060F900F900F900F9006
:104D800080FF56C08091730A1F928F9381E795E050
:104D90009F938F930E948B05809168060F900F90D0
:104DA0000F900F9080FF44C08091740A1F928F93E0
:104DB00083E595E09F938F930E948B058091680611
:104DC0000F900F900F900F9080FF32C08091750A66
:104DD0001F928F9385E395E09F938F930E948B059D
:104DE000809168060F900F900F900F9080FF20C069
:104DF0008091760A1F928F9387E195E09F938F931E
:104E00000E948B05809168060F900F900F900F9075
:104E100080FF0EC08091770A1F928F9389EF94E0F4
:104E20009F938F930E948B050F900F900F900F9080
:104E300008950F931F93CF93DF93C82FD62F8A0126
:104E40000E9499059CE0C99FB00111246C5F7E4FC0
:104E50006D0F711DFB0190819F3F29F0F801E80F54
:104E6000F11D90838F5FDF91CF911F910F91089576
:104E7000E0918905F0918A0509950895E0918505ED
:104E8000F091860509950895B0E0A0E0EAE4F7E224
:104E90000C94874B8C01FC01EA56FE4F80816823FD
:104EA00049F1D090740AD091750AC091730AEC2E22
:104EB000F12C0E947B22282FC7018C549F4F68E65B
:104EC00071E00E940F4B8E199F0997FD03969595EF
:104ED00087959595879523706C2F289F600D1124D9
:104EE0007D2D8D2F0E94DD25462F282F672FC8018D
:104EF0000E943E27CDB7DEB7E7E00C94A34B1F938B
:104F0000CF93DF93EC01FC01EA56FE4F80816823CA
:104F1000B1F00E947B22182F0E947B2220E8829F02
:104F2000C00111247FE7790F612F8091750A0E94DB
:104F3000DD25462F282F672FCE010E943E27DF91C7
:104F4000CF911F910895E0918705F091880509950B
:104F50000895A8E0B0E0EFEAF7E20C947F4BFC0183
:104F60001091750A23E0129F70011124F694E794C2
:104F7000F694E7945E2C812E912C8FEF90E0B40193
:104F80000E940F4B762E8281882371F040E060E012
:104F900080E00E94A327E0E7F7E080E3DF011D92B5
:104FA0008A95E9F710924107809140078F5F8093BF
:104FB000400780E7A82E87E0B82E612C8E189F0846
:104FC000650100E080914107802B09F06BC00E94D1
:104FD000FE4B853595400CF065C0F5011083AE01A0
:104FE0004F5F5F4F662D802F0E9419278823C9F0DD
:104FF000F6012081E981F0E0521608F062C030E04D
:105000002E193F092E9DC0012F9D900D3E9D900DA4
:105010001124B4010E94FB4A262F412FCF010E9488
:105020003E270F5FFCE0CF0ED11C043059F663948D
:105030002FEFA21AB20A8CE06812C2CF809140070B
:10504000871102C010924007809141078F5F8D3118
:1050500008F441C01092410728E837E083E04CE7AC
:1050600057E09FEF910FD901E0E7F7E0833021F49B
:1050700064A1161301C094A36C91611720F09C9356
:105080001C961C931C97319611964E175F0771F76B
:1050900081502C5031098111E6CF80E02896EFE055
:1050A0000C949B4BD6018C91882309F498CF8117DF
:1050B00008F095CF90914007971191CF81508C9334
:1050C0008ECF129FC0011124B7010E94FB4A462FC8
:1050D00020E060E0A3CF80934107DFCFA8E0B0E0FD
:1050E000E4E7F8E20C94844BC82EB62EA42E0E945E
:1050F0008E11882309F457C0D12CAA2041F0AE01AB
:105100004F5F5F4F6B2D8C2D0E941927D82E0D2DD0
:1051100010E080914307800F912F911D09976CF14A
:1051200088E090E07C01E01AF10AB8016C5B784FEE
:10513000A70184E497E00E94234CB801645B784F98
:10514000A7018CE497E00E94234CA701440F551F50
:10515000B801660F771F645A784F8CE597E00E947C
:10516000234CB8016C5A784FA70184E597E00E9460
:10517000234C88E08D198093430710914307DE018B
:10518000119640E0842F810FD41211C08093430701
:10519000AA2049F08091720A8C7F8C3721F46B2D04
:1051A0008C2D0E94E0252896EAE00C94A04B5D919E
:1051B000252F30E090E0BC016D5B784FF901EE0FD8
:1051C000FF1FEC5CFE4F0081FB010183220F331FA8
:1051D000F901EC5FFE4F21A9FB012187518B880F5C
:1051E000991FFC01ED5BF84F128E118E4F5FCACFF5
:1051F00081E008950E94F82808959AE0899F802D03
:105200001124980F923308F091E30895B0E0A0E0E4
:10521000ECE0F9E20C947E4B3C012B01FC01808117
:105220000E94FD28C82F192F6091760A66958091FB
:105230007A0A90917B0A0E944122F82ED0E0CE019A
:10524000880F991F9C012C5F3E4F6901C11748F0E0
:1052500081E0113308F080E0CDB7DEB7E0E10C94D7
:105260009A4BFE01EA56FE4F8081F301918189231A
:1052700079F1F60180A9282F2057330B590181A914
:10528000E82FE052FF0B4F01AA9C9001AB9C300D20
:10529000300D1124EE9FC001EF9F900D900D112451
:1052A000820F931F0E944B22082F6091730A709106
:1052B000740A8091750AEF2C9401A501F2010995F9
:1052C0000E94DD25462F282F672FCE010E943E2702
:1052D000F2E0CF0ED11C2196B9CF66E775E20E94AD
:1052E0000629089561E975E20E94062908956FE292
:1052F00073E20E94062908956EEB75E20E9406296A
:105300000895B0E0A0E0E7E8F9E20C94834B6C016B
:105310005B01FC0180810E94FD28C82F192F60913C
:10532000760A669580917A0A90917B0A0E944122C2
:10533000982ED0E0CE01880F991F9C012C5F3E4F24
:105340007901C11748F081E0113308F080E0CDB752
:10535000DEB7EBE00C949F4BFE01EA56FE4F8081D6
:10536000F60191818923C1F0F70121A92052330B65
:1053700040A94057550B6091730A7091740A80914F
:10538000750A092DF50109950E94DD25462F282F64
:10539000672FCE010E943E27F2E0EF0EF11C21960E
:1053A000D0CF69E375E20E948129089567E575E22F
:1053B0000E94812908956DE373E20E948129089576
:1053C0006DEA75E20E9481290895B0E0A0E0EBEE5D
:1053D000F9E20C94864B7C018B01FC0180810E94D8
:1053E000FD28C82FD92E6091760A6695669521E032
:1053F000620F08F46FEF80917A0A90917B0A0E9405
:105400004122C82ED0E0CD1550F081E090E39D15EB
:1054100008F480E0CDB7DEB7E8E00C94A24BFE01C3
:10542000EA56FE4F8081F7019181892391F06091C6
:10543000730A7091740A8091750A2C2D4C2FF80113
:1054400009950E94DD25462F282F672FCE010E9447
:105450003E272196D8CF6FEA72E20E94E52908958F
:1054600068ED72E20E94E529089562E073E20E940D
:10547000E529089564E073E20E94E52908956DE04E
:1054800073E20E94E529089566E173E20E94E5292E
:10549000089567EF73E20E94E52908956AE174E2D6
:1054A0000E94E5290895B0E0A0E0E9E5FAE20C9455
:1054B000824B5C016B01FC0180810E94FD28C82F9A
:1054C000F92E6091760A6695669580917A0A909198
:1054D0007B0A0E944122182F80E4810F0E949022B3
:1054E00090E8992E980E812F0E94902220E8822E1B
:1054F000880ED0E0CF1550F081E090E39F1508F4BE
:1055000080E0CDB7DEB7ECE00C949E4BFE01EA568E
:10551000FE4F8081F50191818923A1F06091730A8A
:105520007091740A8091750AE12E0C2F282D492D57
:10553000F60109950E94DD25462F282F672FCE0101
:105540000E943E272196D6CF65E673E20E94532A39
:10555000089562E973E20E94532A089560EC73E2B1
:105560000E94532A0895B0E0A0E0E9EBFAE20C941F
:10557000854B8C017B01FC0180810E94FD28C82F96
:10558000B92E2091760A31E0230F08F42FEF30E096
:1055900050E040E06FEF7FEF80E090E00E94454BED
:1055A0006901D0E02C2FCB1550F081E0F0E3FB1522
:1055B00008F480E0CDB7DEB7E9E00C94A14BFE0122
:1055C000EA56FE4F8081F8019181892311F14091C3
:1055D0007E0A4150042E000C550B47FF1CC0C6012B
:1055E0006091760A21E0620F08F46FEF0E94412279
:1055F000AC016091730A7091740A8091750AF70189
:1056000009950E94DD25462F282F672FCE010E9485
:105610003E272196C7CFFA01E258F54F81898213C0
:105620000AC0FA01EE0FFF1FE258F54F818D928DEF
:105630008C159D05A8F241505109CFCF6EE374E25D
:105640000E94B32A089565E474E20E94B32A089583
:10565000AAE0B0E0EEE2FBE20C947C4B8A832B01E3
:105660005E834D83FB0180810E94FD289B83F09126
:105670007E0AFC83282F30E03A872987C901880FEA
:10568000991FFC01EC5FFE4F6F01FA818F2F90E0B4
:105690009C012F5F3F4F38872F83EB81F985FE17E1
:1056A00040F081E0E13308F080E02A96E2E10C94DA
:1056B000984BE985FA85EA56FE4F8081F201918187
:1056C000892301F12090730A3090740A2F81388564
:1056D0002258354F39013A81398310E029813C81C4
:1056E0002317C8F02091750A129F112D1124B101C2
:1056F000812F0E94DD25462F282F672F89859A85C7
:105700000E943E2789859A8501969A87898792E02B
:10571000C90ED11CC2CFF30181913F01F601A0A8AF
:10572000A81ABB0881A8F3018781881A9908AA9C46
:105730009001AB9C300D300D1124889CC001899CD8
:10574000900D900D1124820F931F0E944B22082F61
:105750006091760A21E0620F08F46FEFF301EE0F1B
:10576000FF1FEE57FA40858996890E9441227C01ED
:105770009401A501B101812FED81FE8109951B01E5
:10578000F981FF5FF983182FA9CF20917E0A31E0BC
:10579000231B08F420E04CE454E2BC01822F0E9459
:1057A000282B08954CE454E2BC0180E00E94282B91
:1057B000089520917E0A31E0231B08F420E045E69D
:1057C00054E2BC01822F0E94282B089545E654E242
:1057D000BC0180E00E94282B089520917E0A31E0D0
:1057E000231B08F420E040EA54E2BC01822F0E940F
:1057F000282B089540EA54E2BC0180E00E94282B47
:10580000089520917E0A31E0231B08F420E042ED48
:1058100054E2BC01822F0E94282B089542ED54E2ED
:10582000BC0180E00E94282B089520917E0A31E07F
:10583000231B08F420E04AEE54E2BC01822F0E94B0
:10584000282B08954AEE54E2BC0180E00E94282BE8
:105850000895B0E0A0E0EFE2FCE20C94864B7C01FE
:10586000FC0180810E94FD28C82F192F6091730AC6
:105870007091740A8091750A0E94DD25062FD72E3B
:10588000C82ED0E0C11748F081E0113308F080E065
:10589000CDB7DEB7E8E00C94A24BFE01EA56FE4F0E
:1058A0008081F7019181892331F02C2D402F6D2DBE
:1058B000CE010E943E272196E5CFB0E0A0E0E3E6CE
:1058C000FCE20C94834B7C01FC0180810E94FD284A
:1058D000C82F192FD090740A0091750AD091730ABD
:1058E0006D2F7D2D802F0E94DD25C62EB72EA82E70
:1058F0006091760A6D0F7D2D802F0E94DD25062F89
:10590000D72E982ED0E0C11748F081E0113308F06F
:1059100080E0CDB7DEB7EBE00C949F4BFE01EA567A
:10592000FE4F9081F7018181892359F0292D402F65
:105930006D2D90FD03C02A2D4C2D6B2DCE010E94A4
:105940003E272196E0CFB0E0A0E0E9EAFCE20C942B
:10595000864B7C01FC0180810E94FD28092FD0909C
:10596000740AC090750A2091760A10E4129F112DD6
:105970001124C82FD0E0C01748F081E0013308F0AF
:1059800080E0CDB7DEB7E8E00C94A24BFE01EA560A
:10599000FE4F8081F70191818923B9F0FE01EE0F5E
:1059A000FF1FEC5FFE4F81A982958F706091730A93
:1059B000819F600D11247D2D8C2D0E94DD25462FA9
:1059C000282F672FCE010E943E272196D4CFB0E02A
:1059D000A0E0EDEEFCE20C94864B7C01FC018081A2
:1059E0000E94FD28092FD090740AC090750A20915A
:1059F000760A10E4129F112D1124C82FD0E0C01791
:105A000048F081E0013308F080E0CDB7DEB7E8E090
:105A10000C94A24BFE01EA56FE4F8081F701918162
:105A20008923D9F0FE01EE0FFF1FEC5FFE4F60A946
:105A3000169FB001112495E0759567959A95E1F749
:105A40008091730A680F7D2D8C2D0E94DD25462FD5
:105A5000282F672FCE010E943E272196D0CFB0E09D
:105A6000A0E0E5E3FDE20C94864B8C01FC01808113
:105A70000E94FD28C82FF92EE090730AD091740A75
:105A8000D090750A6091760A6695669566958091C4
:105A90007A0A90917B0A0E9441220E9490228058AB
:105AA00087FD8195880F282F3D2D239F212D1124BF
:105AB000822F6E2D7D2F0E94DD25E62ED72EC82E3B
:105AC000D0E0CF1550F081E020E32F1508F480E0FE
:105AD000CDB7DEB7E8E00C94A24BFE01EA56FE4FCC
:105AE0008081F8019181892331F02C2D4E2D6D2D6F
:105AF000CE010E943E272196E4CFCF92DF92FF9203
:105B00000F931F93CF93DF938C01FC0180810E9440
:105B1000FD28F92EF801928191112BC06091760A2F
:105B200020E1620F08F46FEF80917A0A90917B0A6E
:105B30000E9441226AE070E00E94FB4A892B61F4D6
:105B40000E947B22F1E38F9FC0011124F801618143
:105B5000892F90E00E94442781E0F0E3FF1508F4CC
:105B600080E0DF91CF911F910F91FF90DF90CF9058
:105B70000895C82FD0E0CF2CD12CCC15DD0564F7CB
:105B8000F8016181CE010E9444272196F6CFCF9281
:105B9000DF92FF920F931F93CF93DF938C01FC0151
:105BA00080810E94FD28F92EF801928191112BC06D
:105BB0006091760A20E1620F08F46FEF80917A0A13
:105BC00090917B0A0E94412265E070E00E94FB4AAE
:105BD000892B61F40E947B22F1E38F9FC001112485
:105BE000F8016181892F90E00E947F2781E0F0E336
:105BF000FF1508F480E0DF91CF911F910F91FF9086
:105C0000DF90CF900895C82FD0E0CF2CD12CCC15A9
:105C1000DD0564F7F8016181CE010E947F2721969E
:105C2000F6CFB0E0A0E0E7E1FEE20C94864B8C01F9
:105C3000FC0180810E94FD28C82FF92ED090740AA3
:105C4000E090750AD091730A6091760A6695669520
:105C5000669580917A0A90917B0A0E9441220E9467
:105C60009022805887FD8195880F682F2CE0629FD5
:105C7000612D11246D0F7D2D8E2D0E943D22E62E6B
:105C8000D72EC82ED0E0CF1550F081E090E39F15BD
:105C900008F480E0CDB7DEB7E8E00C94A24BFE013B
:105CA000EA56FE4F8081F8019181892331F02C2D35
:105CB0004E2D6D2DCE010E943E272196E4CFB0E0FF
:105CC000A0E0E5E6FEE20C94804B7C01DC018C91C7
:105CD0000E94FD28682E992EF7018281882361F0A9
:105CE00040E060E080E00E94A327E0E7F7E080E387
:105CF000DF011D928A95E9F7F7018081811115C0B6
:105D00008091A1079091A2070E947F3D21E08931F7
:105D1000910508F420E02093A007499730F00E94F5
:105D2000673D9093A2078093A107B12C00E0A12CBE
:105D30008CE0782E9AEA892E05C089E08A1508F44D
:105D400057C000E0802F90E07B9CE00111249E0171
:105D50002C5F3E4F6901C80ED91ED601EC91E615A5
:105D600008F43EC0E91508F03BC0A394F0E0EA5601
:105D7000FE4F2081F7013181232309F431C0C0593E
:105D8000D84FC80FD91F1881212F35E5231B08F4E0
:105D900020E0682D621B7091740A282D210F08F4F1
:105DA0002FEF3091750A822F880F820F8E5F282F78
:105DB000239F212D1124822F0E94DD25462FD601FD
:105DC0009C91282F672F892F90E00E943E27809179
:105DD000A007882329F021E0121B08F410E01883A3
:105DE0000F5F0C3009F0AECFB39434E0B312A5CFFF
:105DF00081E090E3991508F480E0CDB7DEB7EEE0DE
:105E00000C949C4B81E008950E94022F0895FC01A0
:105E1000808181500E94FD28692F0E94042F0895DF
:105E2000B0E0A0E0E6E1FFE20C947E4B60916C07ED
:105E300070916D0780916E0790916F070E948E3D63
:105E40006B017C010E94733D4B015C0180926C07E9
:105E500090926D07A0926E07B0926F07A0914307D2
:105E6000E3E4F7E08A2F90E04FEF5FEF60E070E04F
:105E70004C195D096E097F09A9131CC08093430763
:105E80008091720A282F2370F22E19F0F82EF694C2
:105E9000F694909146029130B9F19923F1F0923045
:105EA00009F452C3933009F458C3CDB7DEB7E0E12B
:105EB0000C949A4B218D328D2901712C612C441543
:105EC00055056605770520F481509F5F3296D4CF43
:105ED0002C0D3D1D328F218FF8CF109247028092FA
:105EE0007A0A90927B0AA0927C0AB0927D0A89E29B
:105EF000E3E4F7E0AEE7BAE001900D928A95E1F7AE
:105F000081E080934602D1CF90914A02F91223C0DA
:105F1000837020914B0230E091E08217130609F460
:105F200090E0892F8170809349028091770A909147
:105F30004802981739F08093480240E060E080E022
:105F40000E94A3278CE28F1590F0EF2DF0E0E8552A
:105F5000F34B0C94644B81E0E5CFC0914902CC2314
:105F600009F4F2C040E060E080E00E94A327C0E0B6
:105F7000EBC087E492E00E94292CC82FE5C087E49B
:105F800092E00E945D2CF9CF87E492E00E94A32C5E
:105F9000F4CF87E492E00E94E72CEFCF87E492E011
:105FA0000E942F2DEACF87E492E00E942B2AE5CFB2
:105FB00087E492E00E94302AE0CF87E492E00E94DA
:105FC000D129DBCF87E492E00E94D629D6CF87E49F
:105FD00092E00E946D29D1CF87E492E00E9472295D
:105FE000CCCF87E492E00E94352AC7CF87E492E0C5
:105FF0000E943A2AC2CF87E492E00E943F2ABDCF96
:1060000087E492E00E94442AB8CF87E492E00E949D
:106010007729B3CF87E492E00E94DB29AECF87E4F3
:1060200092E00E94E029A9CF87E492E00E947C29B7
:10603000A4CF87E492E00E94A42A9FCF87E492E055
:106040000E94A92A9ACF87E492E00E94AE2A95CFB7
:1060500087E492E00E947D2D90CF87E492E00E9439
:10606000C72D8BCF87E492E00E94112E86CF87E464
:1060700092E00E94492A81CF87E492E00E944E2A52
:106080007CCF809147020E94FD28192F40917A0A07
:1060900050917B0A60917C0A70917D0A80913C0747
:1060A00090913D07A0913E07B0913F078417950757
:1060B000A607B70708F044C00E947B2291E3899F9E
:1060C000E0011124CD2FDD27FE01EA56FE4F80812D
:1060D000909148028923A1F10E947B2281FF4CC04C
:1060E00000E070E080E0602F0E94DD25462F282F21
:1060F000672FCE010E943E272091760A30E1230FC0
:1061000008F42FEF60E1822F90E00E944122BC0151
:1061100084EF91E00E94FB4A80917A0A90917B0A79
:10612000A0917C0AB0917D0A860F971FA11DB11D19
:1061300080933C0790933D07A0933E07B0933F07A1
:10614000C1E0113308F013CF809147028F5F809335
:106150004702C111F0C182E080934602809149025A
:10616000811113C2FF2009F4F6C10E94FA2887E4C6
:1061700092E00E94072F99CE0E947B22082F0E9456
:106180007B22E0E88E9FC00111247FE7790F809188
:10619000750AA9CF409138075091390760913A07A5
:1061A00070913B0780917A0A90917B0AA0917C0ABA
:1061B000B0917D0A84179507A607B70708F4D7CED4
:1061C0008091490281111DC0809147020E94FD28E3
:1061D000092FA82EB12CF3E08F9FE0011124CB559D
:1061E000D94FA01608F443C0C1E0013308F0C0E065
:1061F000013308F4A9CF20E0802F8150990B6C0166
:106200005FC040E060E080E00E94A32705EA16E05E
:10621000D0E0C0E00E947B2281FF0BC0F801108219
:106220001182128221960D5F1F4FC133D10591F764
:10623000CBCF0E947B22E82E0E947B22F0E88F9F2A
:10624000C00111247FE7790F6E01CC0CDD1CCC0E50
:10625000DD1EC6018B55994F6C016E2D8091750A1C
:106260000E943D22F601608371838283DBCFF501BA
:10627000EA56FE4F808190914802892331F02A81AD
:1062800048816981C5010E943E272396FFEFAF1A1E
:10629000BF0AA7CFFC01EE0FFF1FE80FF91FEB5558
:1062A000F94F0196DC01AA0FBB1FA80FB91FAB5510
:1062B000B94F8D919D91AC9180839183A2832F5F83
:1062C000822F90E08C159D052CF30E947B22860185
:1062D000000F111F81FF21C00C0D1D1DF801EB5592
:1062E000F94F1082118212820E942B2400917A0AA7
:1062F00010917B0A20917C0A30917D0ADC01CB0150
:10630000800F911FA21FB31F809338079093390706
:10631000A0933A07B0933B0717CF0E947B22D82F58
:106320000E947B22E0E88E9FC00111247FE7790F55
:106330000C0D1D1D0B55194F6D2F8091750A0E9474
:106340003D22F801608371838283CECF8091490220
:10635000882329F040E060E080E00E94A32780913C
:1063600047020E94FD28E92E40917A0A50917B0A4B
:1063700060917C0A70917D0A8091A1069091A2069D
:10638000A091A306B091A40684179507A607B707A6
:1063900008F070C06091730A7091740A8091750A58
:1063A0000E94DD25762E672E582E09E816E0C4E0FF
:1063B000D1E05E014E01680185E0482EF601219191
:1063C0006F01F40181914F0190E0222309F458C03C
:1063D000252D472D662D0E943E27F5018385252D0D
:1063E000472D662D90E00E943E27F601808131976F
:1063F00080834A94F1E0AF1AB1084110DFCF8D815C
:1064000090E0F8012581222309F445C0252D472D70
:10641000662D0E943E278E81252D472D662D90E00A
:106420000E943E270E947B22837091E009F090E059
:10643000F80195830A5F1F4F2C96F1E0C433DF0704
:1064400009F0B7CF0E942B2400917A0A10917B0AA1
:1064500020917C0A30917D0ADC01CB01800F911FD5
:10646000A21FB31F8093A1069093A206A093A30638
:10647000B093A406C1E020E32E1508F065CE77CDD9
:1064800020E040E060E00E943E27F501838520E0A7
:1064900040E060E0A7CF20E040E060E00E943E27BF
:1064A0008E8120E040E060E0BACF87E492E00E9475
:1064B0005F2E63CD87E492E00E94A9275ECD87E43A
:1064C00092E00E941E2B59CD87E492E00E94232B7C
:1064D00054CD87E492E00E94C52B4FCD87E492E033
:1064E0000E94D22B4ACD87E492E00E94D92B45CD61
:1064F00087E492E00E94E62B40CD87E492E00E9480
:10650000ED2B3BCD87E492E00E94FA2B36CD87E459
:1065100092E00E94012C31CD87E492E00E940E2C83
:106520002CCD87E492E00E94152C27CD87E492E0E1
:106530000E94222C22CDFF2009F4B7CC8091460284
:10654000823009F014CE11CEF0924A02837080930B
:106550004B020E94382783E0D4CC809142078111FE
:106560000E94D22560917A0A70917B0A80917C0A00
:1065700090917D0A0E948E3D6031710581059105E3
:1065800008F493CC1092460290CCFF2009F48DCCF5
:10659000ECCDE0918305F0918405099510927E0A77
:1065A0008FEF9FEF9093980A8093970A90939A0A9F
:1065B0008093990A90939C0A80939B0A90939E0AD9
:1065C00080939D0A9093A00A80939F0A9093A20AB9
:1065D0008093A10A9093A40A8093A30A9093A60A99
:1065E0008093A50A1092430790935D0780935C0700
:1065F00090935F0780935E07909361078093600795
:106600009093630780936207909365078093640774
:106610009093670780936607909369078093680754
:1066200090936B0780936A0781E08093420748E06C
:1066300050E068E170E082E79AE00E942C4C1092F2
:1066400042078091720A8C7F71F48091680680FF06
:1066500008C084EA94E09F938F930E948B050F906B
:106660000F900E9467260E948B2608950895CF936D
:10667000C82F8091720A91E089278093720A109244
:1066800046028C2F0E9400258091680680FF19C069
:106690002091720A237082E795E0CC2311F084E701
:1066A00095E01F922F939F938F938DE694E09F9395
:1066B0008F930E948B050F900F900F900F900F906B
:1066C0000F90CF91089581E00E9437330895CF93C2
:1066D000C62F9091720A937041F1811128C0946085
:1066E0009093720A109246028C2F0E94002580918E
:1066F000680680FF1AC02091720A2695269582E7C7
:1067000095E0CC2311F084E795E01F922F939F939F
:106710008F9383E594E09F938F930E948B050F9056
:106720000F900F900F900F900F90CF9108958D3292
:1067300010F0906BD5CF880F880F982BD1CF61E0E8
:106740000E9467330895682F9091720A96959695E6
:1067500081E0890F8D3208F081E00E94673308954F
:1067600081E00E94A3330895682F9091720A969554
:1067700096958FEF890F09F48CE20E946733089594
:1067800081E00E94B4330895CF93C22F9091720A92
:10679000937079F18093730A6093740A4093750A39
:1067A000822F0E9400258091680680FF22C04091C0
:1067B000750A3091740A2091730A82E795E0CC2320
:1067C00011F084E795E01F924F931F923F931F9221
:1067D0002F939F938F9380E394E09F938F930E94D6
:1067E0008B058DB79EB70A960FB6F8949EBF0FBE65
:1067F0008DBFCF910895A2E7BAE01196EC91119761
:10680000F0E0282F13964C91139712966C91CF01BC
:1068100008960E94C433089581E00E94FB330895D6
:10682000E2E7FAE09181282F43816281E92FE85065
:10683000FF0BCF010E94C433089581E00E94103401
:106840000895E2E7FAE0628120E1620F08F46FEF59
:106850009181282F4381892F90E00E94C4330895AD
:1068600081E00E9421340895E2E7FAE0628120E1AC
:10687000621B08F460E09181282F4381892F90E00A
:106880000E94C433089581E00E9434340895E2E701
:10689000FAE0438120E1420F08F44FEF9181282F65
:1068A0006281892F90E00E94C433089581E00E94A4
:1068B00047340895E2E7FAE0438120E1421B08F4FF
:1068C00040E09181282F6281892F90E00E94C4339B
:1068D000089581E00E945A340895CF93C62F809383
:1068E000760A862F0E9400258091680680FF18C0D6
:1068F0002091760A82E795E0CC2311F084E795E0B9
:106900001F922F939F938F9381E194E09F938F9396
:106910000E948B050F900F900F900F900F900F908B
:10692000CF9108952091760A30E1230F08F42FEFDC
:10693000682F822F0E946D34089581E00E94923466
:1069400008952091760A30E1231B08F420E0682F97
:10695000822F0E946D34089581E00E94A134089531
:10696000A1E0B0E0E6EBF4E30C948A4B4983E82F16
:10697000F0E0E557FA4F808104E610E021E030E0D6
:10698000AE014F5F5F4F880F0E94833E2196E4E087
:106990000C94A64B462F6DEF0E94B0340895EF92F1
:1069A000FF920F931F93CF93DF93282F30E094EA49
:1069B000899FE0011124CD55D84F84E2F82E255748
:1069C0003A4FF901E080EE0C04E610E020E130E0FF
:1069D000AE016F2D8E2D0E94833EF0E1FF0E60967A
:1069E00084EBF812F1CFCDB7DEB7E6E00C94A44B00
:1069F000CF93DF93C82F6BE00E94CA3440E06AE077
:106A00008C2F0E94B0348FE39CE90197F1F700C00E
:106A1000000040E060E08C2F0E94B03440E061E074
:106A20008C2F0E94B03440E066E08C2F0E94B0347E
:106A300060E08C2F0E94CA34D0E040E06D2F8C2F94
:106A40000E94B034DF5FD231C1F740E06D2F8C2F50
:106A50000E94B034DF5FD432C1F740E06D2F8C2F3D
:106A60000E94B034DF5FD43BC1F76BE08C2F0E94F3
:106A7000CA3441E06AE08C2F0E94B03460E08C2F71
:106A80000E94CA34DF91CF910895A4E0B0E0EBE416
:106A9000F5E30C94884BF62E042F122F81339105C9
:106AA00008F047C0880F991F880F991FBC01665EC8
:106AB0007E4F44E050E0CE0101960E940D4C89814A
:106AC00083702A8130E0482F50E064EA869FC0013D
:106AD00011248D55984FFC01E20FF31F6081AB81AB
:106AE000EC806F110DC0BC016A0F711DFB0160814C
:106AF000601306C08E0D911DFC0180818117C9F0C5
:106B000064EA649FC001659F900D11248D55984FD4
:106B1000280F391FF901F082A80FB92FB11D0C936E
:106B2000FC01EE0DF11D108380579F4F21E0FC0109
:106B300020832496E6E00C94A44BFF920F931F93BE
:106B4000CF93DF93182F062FF42ED0E0C0E02F2D27
:106B5000402F612FCE010E9445352196C133D105CA
:106B6000B1F7CDB7DEB7E5E00C94A54BA4E0B0E0FB
:106B7000ECEBF5E30C94894BF62E042F122F24E056
:106B8000829FB0011124665E7E4F44E050E0CE014A
:106B900001960E940D4C9A817B81F72FF695F69510
:106BA000F6956C81E62FE695E695E6957770677029
:106BB000A92FA695A695A695B0E0977021E030E0A4
:106BC00001C0220F9A95EAF78981982F937044EAC1
:106BD000949FA00DB11D1124AC5CB74FFF2009F4A8
:106BE00042C09C91922B9C938370482F50E024EAE2
:106BF000829FC00111248D55984F8F0F911DDC018C
:106C0000AF56BF4F9C9121E030E001C0220F7A9532
:106C1000EAF7002369F1292B2C9324EA249FC00171
:106C2000259F900D11248D55984FE80FF92FF11DD8
:106C3000EF56FF4F208181E090E001C0880F6A95F8
:106C4000EAF71123C1F0822B808384EA849FF0014C
:106C5000859FF00D1124EA5BF74F81E08083249635
:106C6000E5E00C94A54B922F90952C919223BBCFED
:106C700020952923D1CF80958223E6CFCF93DF9330
:106C800094EA899FE0011124CD5CD74F9881992324
:106C900019F00E94CF341882DF91CF910895EF92BE
:106CA000FF920F931F93CF93DF93082FE82EF12CC1
:106CB000C4EACE9DF001CF9DF00D1124EA5BF74FA1
:106CC00080818823B9F00C9FE0011124CC5CD74F60
:106CD00010E04991612F802F0E94B0341F5F123164
:106CE000C1F784EA8E9DF0018F9DF00D1124EA5BBF
:106CF000F74F1082CDB7DEB7E6E00C94A44BCF93EC
:106D00000E944F3E80E00E94F83481E00E94F834F7
:106D1000C0E021E041E061E08C2F0E94B635CF5FFA
:106D2000C133B9F780E00E944F3681E00E944F36B0
:106D3000CF91089580E00E943E3681E00E943E3669
:106D40000895FA01811101C0FB01099508951F936F
:106D5000CF93DF93EC01FB011581111110C00E944C
:106D6000550F8272FE01E052F847E531F10508F057
:106D700049C0EB52F34B0C94644B0E946333812F58
:106D8000DF91CF911F91089540EC53E360EB73E3E3
:106D90000E94A136F4CF40EB53E360EC73E3F8CFED
:106DA0004DE154E36CE074E3F3CF4CE054E36DE168
:106DB00074E3EECF43E454E360E374E3E9CF40E3EC
:106DC00054E363E474E3E4CF49E654E366E574E333
:106DD000DFCF46E554E369E674E3DACF4CEA54E3E7
:106DE0006DE974E3D5CF4DE954E36CEA74E3D0CF99
:106DF00081E00E949F33C3CF85E0FBCF8DE0F9CFC8
:106E000082E1F7CF11E0BBCF0E948A10089580E0A5
:106E10000E946D14817008950E9485152FEF86E7FA
:106E200091E0215080409040E1F700C000000E94B6
:106E300085150E940737882321F00E9404370E949D
:106E4000CE3D08950E940C370895CF93DF93EB0158
:106E500086319C4711F50E94550F9D81992399F029
:106E60008A7A91E009F490E09093EB08811109C0CF
:106E700089E20E94C23C0E94091080E0DF91CF911C
:106E8000089585E3F6CF8091EB08811104C089E273
:106E90000E94D93CF0CF85E3FBCF81E0EFCFCF93C9
:106EA000DF93EC01FB018581882309F4FAC09E0180
:106EB00030572332310508F057C00E94A610909336
:106EC0001E0980931D09FE01E150F047E232F105F1
:106ED00020F4E651F34B0C94644B80911D098160C2
:106EE00080931D0938C080911E09886080931E0917
:106EF00032C080911D098260F3CF80911D098460AA
:106F0000EFCF80911D098860EBCF80911E098160D1
:106F1000EDCF80911E098260E9CF80911D098061CB
:106F2000DFCF80911D098062DBCF80911D098064D5
:106F3000D7CF0E94D90A80911D098068D1CF809156
:106F40001D098C6080931D0940E064E070E08EE7CD
:106F500092E00E94F41680911D0990911E090E94F2
:106F6000AB100E94D90A80E0DF91CF910895809103
:106F70001E09836080931E0940E064E070E08EE4A7
:106F800092E0E7CF80911D098E7FAACF80911E09E4
:106F9000877FACCF80911D098D7FA2CF80911D0985
:106FA0008B7F9ECF80911D09877F9ACF80911E098C
:106FB0008E7F9CCF80911E098D7F98CF80911D0977
:106FC0008F7E8ECF80911D098F7D8ACF80911D0984
:106FD0008F7B86CF0E94D90A80911D098F7780CF41
:106FE00080911D09837F80931D0940E062E070E07D
:106FF0008EE992E0AECF80911E098C7F80931E09AE
:1070000040E062E070E08EE692E0A3CF80911D093F
:1070100082FB992790F921E0922790FB82F990FB5F
:1070200083F980931D0940E083FFE0CF8ECF8091EC
:107030001E09982F909591708E7F892B90FB81F976
:1070400080931E0940E081FFDCCF97CF90911D090E
:10705000892F8F7B96FF806443CF0E94D90A90913D
:107060001D09892F97FB87F980583ACF81E00E944C
:107070003F1171CF80E0FBCF90911D09892F8F7E4A
:1070800094FF80612DCF90911D09892F8E7F90FFF5
:10709000816026CF90911E09892F877F93FF88609A
:1070A00025CF81E061CF8091040981110E94811672
:1070B000089521E08F3F910508F020E0822F089588
:1070C0000E94593808950E9453381092040940E0F4
:1070D00068E070E08EE293E00E94F416089510924A
:1070E000030940E068E070E08EEA92E00E94F41646
:1070F00008950E9453382091500430E02F5F3F4F95
:10710000237033272093500448E2429FC001439FDD
:10711000900D112440E065E070E082559C4F0E9484
:10712000F4160895CF9380910009882309F442C092
:107130008091EC089091ED08009799F50E94673DC9
:107140009093ED088093EC08E091EE088091EF08B1
:107150008150990BEE2321F02E2F2150330BC901C2
:1071600020910409222389F0F0E0E051F74FC0811B
:107170008051974FFC0180810E947C168091040908
:10718000882319F08C2F0E9477168091EE0890E0EA
:1071900001966091EF0870E00E940F4B8093EE081B
:1071A00009C00E947F3D20914E0430914F04281762
:1071B000390720F2CF910895089581E08093040962
:1071C00040E068E070E08EE693E00E94F4160E94D2
:1071D000DC380895089581E08093030940E068E079
:1071E00070E08EEE92E00E94F4160E94EA38089554
:1071F000EF92FF921F93CF93DF93CDB7DEB7A397A4
:107200000FB6F894DEBF0FBECDBF7C01803944E7D6
:107210009407A9F4DB0115968C91882309F458C0D2
:107220000E94DD3880E0A3960FB6F894DEBF0FBE53
:10723000CDBFDF91CF911F91FF90EF9008958139DD
:10724000B4E79B0741F4FB018581882309F440C022
:107250000E946338E7CF8239F4E79F0751F48091A9
:107260000409DB0115969C91992391F18111F0CFCE
:10727000D7CF8115B1E79B0739F4FB0185818823BE
:1072800039F10E94EB38CECF8130F1E79F0741F40E
:10729000DB0115968C918823D9F00E946F38C2CFFC
:1072A0008230B1E79B0749F4FB018581882381F097
:1072B000809103098111F1CFE4CF8339944741F4E0
:1072C000DB0115968C91882319F00E947938AACF9A
:1072D00020910409211105C080910309882309F434
:1072E000DBC0FB013581332309F450C0F0EEEF160B
:1072F000F10461F40E94533881E0809302091092F6
:107300000109109200091092EF088CCF42EEE416AA
:10731000F10471F40E94533880910209882319F016
:1073200081E08093010910920209109200097ACF3E
:1073300083EEE816F10491F480910109882331F17C
:107340000E9453381092020981E080930009109244
:10735000EE081092ED081092EC0864CF92E5E91661
:10736000F10451F480914E0490914F040A97909348
:107370004F0480934E0456CFA1E5EA16F10431F490
:1073800080914E0490914F040A96F1CF8091500461
:1073900010915304811111C0135080915104180FA2
:1073A000FB018081180F418184E090E0841B9109EA
:1073B000FCE08F9F100D112414C0813071F5105E18
:1073C00080915104180FDB018C91180F11964C918C
:1073D00084E090E0841B9109982F990F990F890FF1
:1073E000180F332309F451C0222319F0812F0E9472
:1073F000771680910209882351F08091EF08E82FD9
:10740000F0E0E051F74F10838F5F8093EF08C701E2
:107410000E94603891E0892706CF823071F4105EB7
:1074200080915104180FFB018081180F418184E085
:1074300090E0841B9109F7E0BCCF833091F683E2A2
:10744000EEE6F4E0DE01119601900D928A95E1F7E7
:10745000DB01EC9181E090E08C0F9D1F8E0F911D60
:10746000FC018091510490915204E80FF91F1350D0
:107470008081180F11964C9184E090E0841B910953
:10748000ACE08A9F100D1124ACCF222309F4BFCFAA
:10749000812F0E947C16BBCF81E0C5CE0F931F9336
:1074A000CF93DF93C42FD22FFC0185818823C9F0AD
:1074B000409307090E94673D909306098093050950
:1074C00080E28C0F883040F4C77081E001C0880FE3
:1074D000CA95EAF70E948C08DF91CF911F910F9116
:1074E000089510910709141332C0809105099091F5
:1074F00006090E947F3D883C910548F5C0E2CD0F0A
:107500001D17B9F080E2810F883040F4177081E0D8
:1075100001C0880F1A95EAF70E949308C83048F412
:1075200081E09D2F977001C0880F9A95EAF70E941D
:107530008C08802F0E948308C83070F6D77081E0D5
:1075400001C0880FDA95EAF70E949308C5CF80E260
:107550008C0F883008F6C77081E001C0880FCA958B
:10756000EAF7F2CF0F93DB0188519C4787309105F2
:10757000A0F5FC01E45FF24B0C94644B06E221EEB3
:1075800041EE6AE17CE7CD010E944E3A80E00F9126
:10759000089507E225EE45EE6BE17CE7F4CF06E2C5
:1075A00021EE40EE68E17CE7EECF07E225EE44EE07
:1075B00069E17CE7E8CF06E221EE42EE6CE17CE790
:1075C000E2CF07E225EE46EE6DE17CE7DCCF08E294
:1075D00021E045EE6EE17CE7D6CF15968C918823AD
:1075E00019F010920709D3CF81E0D1CF90930D0904
:1075F00080930C090895E0910C09F0910D093097E2
:1076000029F00190F081E02D0995089580E008951A
:107610000E94FB3A0895EF92FF920F931F93CF932E
:10762000DF93EC01E0910C09F0910D093097E1F145
:107630000280F381E02D09958091680682FF34C0B5
:1076400080FF0DC088811F928F938EE297E09F93F9
:107650008F930E948B050F900F900F900F907E01DB
:1076600086E0E80EF11C08E217E08091680680FFD2
:107670000BC08A811F928F931F930F930E948B05DB
:107680000F900F900F900F902196CE15DF0569F7A0
:107690008091680680FF08C086E297E09F938F93F1
:1076A0000E948B050F900F90CDB7DEB7E6E00C94EB
:1076B000A44BEF92FF920F931F93CF93DF93EC01B4
:1076C000E0910C09F0910D09309709F43FC086E074
:1076D00088830480F581E02DCE01099580916806AC
:1076E00082FF34C080FF0DC089811F928F9381E19A
:1076F00097E09F938F930E948B050F900F900F90B0
:107700000F907E018EE1E80EF11C0BE017E08091F6
:10771000680680FF0BC08A811F928F931F930F937F
:107720000E948B050F900F900F900F902196CE1511
:10773000DF0569F78091680680FF08C089E097E05F
:107740009F938F930E948B050F900F90CDB7DEB75C
:10775000E6E00C94A44BA3E0B0E0E1EBFBE30C9477
:107760008C4B20910A0930910B0928173907A1F099
:1077700090930B0980930A09E0910C09F0910D098F
:10778000309751F023E029839B838A830084F1851D
:10779000E02DCE01019609952396E2E00C94A84BCA
:1077A000A3E0B0E0E6EDFBE30C948C4B20910809DC
:1077B0003091090928173907A1F09093090980939E
:1077C0000809E0910C09F0910D09309751F024E07F
:1077D00029839B838A830084F185E02DCE01019665
:1077E00009952396E2E00C94A84B2091E101309199
:1077F000E2012E5F3F4F80916A04882379F08091E7
:107800001D0987FF0BC02091DF013091E0012E5F41
:107810003F4F9EE180E0915018F4089596E0FACF32
:10782000F90141919F014423B1F38F5FF4CF882385
:1078300021F190916A04992311F190911D0997FF0C
:107840001EC0E82FE695E695E695EE31B0F420915E
:10785000DF013091E001E20FF32FF11D228130E0D2
:10786000877041E050E002C0440F551F8A95E2F74F
:107870002423352381E0232B91F480E00895209187
:10788000E1013091E201F9013296285F3F4F919179
:10789000981721F0E217F307D1F7EFCF81E00895B1
:1078A0009C01FC0132969FEF80E04191461751F018
:1078B0009F3F19F4411101C0982F8F5F8630A9F7BF
:1078C0009F3F09F40895290F311D97FD3A95F9015D
:1078D00062830895FC01329608962191261303C015
:1078E000DF0111971C92E817F907B9F70895E62F01
:1078F000E695E695E695EE3170F4E80FF92FF11D67
:10790000677021E030E001C0220F6A95EAF78281BA
:10791000822B828308958091680680FF0CC01F929D
:107920006F9385E697E09F938F930E948B050F904E
:107930000F900F900F900895E62FE695E695E69547
:10794000EE3178F4E80FF92FF11D677021E030E097
:1079500001C0220F6A95EAF72095828128232283AD
:1079600008958091680680FF0CC01F926F9387E492
:1079700097E09F938F930E948B050F900F900F902D
:107980000F900895682F80916A04882359F08091A0
:107990001D0987FF07C08091DF019091E0010E94DF
:1079A000773C08958091E1019091E2010E94503C62
:1079B0000895682F80916A04882359F080911D09E9
:1079C00087FF07C08091DF019091E0010E949C3CFD
:1079D00008958091E1019091E2010E946A3C08952E
:1079E00080916A04882379F080911D0987FF0BC07C
:1079F000E091DF01F091E00132968EE1DF011D920E
:107A00008A95E9F70895E091E101F091E20132965B
:107A100086E0F4CF08950E940A3D0895811106C0C2
:107A200081E080930E090E940B3D089582E0F9CF1A
:107A300083E080930E090E940B3D08950E940E3D45
:107A4000089581E080930E090E940B3D08950E94E5
:107A5000213D0895089585B7806885BF85B7806802
:107A600085BF08951F921FB61F9211248F939F9375
:107A7000AF93BF9380910F09811113C08091A70A22
:107A80009091A80AA091A90AB091AA0A4196A11DB5
:107A9000B11D8093A70A9093A80AA093A90AB09356
:107AA000AA0ABF91AF919F918F911F901FBE1F9007
:107AB00018950E94D90A0E94E306089582E084BDC9
:107AC00093E095BD9AEF97BD80936E0008952FB710
:107AD000F8948091A70A9091A80AA091A90AB09160
:107AE000AA0A2FBF08952FB7F8946091A70A709142
:107AF000A80A8091A90A9091AA0A2FBF08959C0113
:107B00004FB7F8948091A70A9091A80AA091A90A6A
:107B1000B091AA0A4FBF821B930B0895CF92DF92B8
:107B2000EF92FF922FB7F894C090A70AD090A80ABE
:107B3000E090A90AF090AA0A2FBFA7019601261B80
:107B4000370B480B590BCA01B901FF90EF90DF903A
:107B5000CF90089578941F921FB61F9211248F938F
:107B60009F93AF93BF938091A70A9091A80AA09189
:107B7000A90AB091AA0A0196A11DB11D8093A70A76
:107B80009093A80AA093A90AB093AA0ABF91AF91B3
:107B90009F918F911F901FBE1F90189581E0809339
:107BA000E00080E28093D8001092C9008FE19EE44B
:107BB0000197F1F700C0000087E090EBDC018093B3
:107BC000B80A9093B90AA093BA0AB093BB0A88E1A5
:107BD0009CE00FB6F894A895809360000FBE909338
:107BE0006000FFCF88E19CE00FB6F894A8958093E1
:107BF00060000FBE90936000FFCFEF92FF920F9353
:107C00001F93CF93DF93182FEB011092BC0084EAEF
:107C10008093BC000E94673D7C018091BC0087FF7F
:107C200027C08091B900887F883029F08091B90001
:107C3000887F803189F51093BB0084E88093BC0075
:107C40000E94673D8C018091BC0087FF1EC020917F
:107C5000B900287F90E080E0283191F081E090E049
:107C6000203411F490E080E091958195910908C04D
:107C7000C7010E947F3DC817D90778F68EEF9FEFA6
:107C8000CDB7DEB7E6E00C94A44BC8010E947F3D5F
:107C9000C817D907C0F6F2CF8FEF9FEFF1CF109240
:107CA000B9008CE08093B80008950F931F93CF9391
:107CB000DF93EB018093BB0084E88093BC000E94BB
:107CC000673D8C018091BC0087FF11C02091B900F5
:107CD000287F81E090E0283211F490E080E09195D7
:107CE00081959109DF91CF911F910F910895CF3F19
:107CF000DC0741F3C8010E947F3DC817D90710F780
:107D00008EEF9FEFEFCFB0E0A0E0E9E8FEE30C9448
:107D1000804B682E762E5A0169010E94673D4C0106
:107D2000C1E0D0E00431110558F0C5E0D0E00F3FCC
:107D3000100731F0C80164E170E00E94FB4AEB01DA
:107D4000BE01862D0E94FD3D7C0197FF1DC00F3FA7
:107D50001007B1F3C4010E947F3D0817190780F78F
:107D600084E98093BC00C701CDB7DEB7EEE00C9488
:107D70009C4BB80189910E94553E7C01CC16DD06D2
:107D800079F3F7FEF6CFECCFB801872D0E94553E70
:107D90007C01E501CA0CDB1CF1CF80911B09089521
:107DA00008959B01BA019091AF0A9430E9F48F7065
:107DB0008093E9009FEF8091E800915085FD06C017
:107DC00085ED8A95F1F700009111F5CF8091E800DB
:107DD00085FF0AC050E040E0C9010E9489418091BE
:107DE000E8008E778093E800089543E050E0BC01FE
:107DF00082E00E94D13E089540E250E0BC0182E062
:107E00000E94D13E0895CF93DF93EC0148E050E00B
:107E1000BC0181E00E94D13E88E0FE01A3E1B9E00F
:107E200001900D928A95E1F7DF91CF91089583E952
:107E300097E09F938F930E948B058091AE0A0F90DD
:107E40000F90811109C00E9466430E94C84380912F
:107E5000E20084608093E20008958FE897E09F93AA
:107E60008F930E948B051092AE0A0F900F90089589
:107E70008BE897E09F938F930E948B050E94213D92
:107E80000F900F90089587E897E09F938F930E943B
:107E90008B056091AB0A81E0611101C080E00E9416
:107EA000183D0F900F90089583E897E09F938F936C
:107EB0000E948B050E94593D9091AF0A81E0943059
:107EC00009F080E06091AB0A0E941E3D0F900F9078
:107ED0000895209111092F5F822F62E30E94EF4ADB
:107EE000992319F020931109089510921109809196
:107EF00012098823F1F08091AF0A8430C1F4909187
:107F0000E9009F702091EC00822F817020FD80E8B5
:107F1000892B93E09093E9009091EB0090FF04C0CF
:107F20009091EE0097FD08C08F708093E900109249
:107F3000120908951092F1009091E80095FDFACF92
:107F40009091E80090FFF0CF9091E8009E77909399
:107F5000E800EACF42E061EC81E00E94E24242E2C6
:107F600061EC82E00E94E24242E261EC83E00E9426
:107F7000E24242E361E884E00E94E24242E360E8D8
:107F800085E00E94E2429091AF0A81E0943009F0CE
:107F900080E06091AB0A0E940E3D08958091B10A85
:107FA000833009F461C030F48130D1F1823009F4BA
:107FB0009EC008958A3009F48AC08B3009F46FC0DE
:107FC000893009F050C08091B00A813209F04BC06D
:107FD0008091B40A9091B50A029708F044C080914C
:107FE000E800877F8093E8008091E80082FF37C037
:107FF0008091F2009091F300029731F48091F100AA
:10800000813011F0863021F48091F10080931B09BA
:108010008091E8008B778093E8000E94164323C08C
:108020008091B00A813AF9F48091E800877F8093CB
:10803000E8008091B40A9091B50A892B61F468E058
:1080400083E199E070E00E9427428091E8008B77FD
:108050008093E800089560E090E080E0F3CF8091A5
:10806000AF0A8111C1CF08958091B00A813AD9F742
:108070008091B40A9091B50A892BA9F78091E80004
:10808000877F8093E8008091E80080FFFCCF80919B
:108090006A048093F1008091E8008E77BCCF8091D4
:1080A000B00A813201F78091B40A9091B50A892B08
:1080B000D1F68091E800877F8093E8000E94164304
:1080C0008091B20A80936A040E94D90A089580912F
:1080D000B00A813241F68091E800877F8093E80002
:1080E0000E9416438091B30A80931C0908958091E1
:1080F000B00A813A09F0B7CF8091E800877F80937A
:10810000E8008091E80080FFFCCF80911C09C1CF7E
:108110009FB7F894109212099FBF9091AF0A9430C4
:1081200009F048C02091E9002F703091EC00932FA6
:10813000917030FD90E8922B23E02093E90020918C
:10814000EB0020FF34C02091EE0027FF30C02091CB
:108150001009222321F02091E80025FF28C0109269
:10816000100926E03091E80035FF14C08093F1003B
:108170008091E80085FD27C08091E80080FFFCCF5A
:108180008091E8008E778093E8009F709093E900DB
:1081900080E008953091AF0A343049F43091EB001B
:1081A00035FD05C0215041F481E0809310099F7096
:1081B0009093E9008FEF0895EFE9FFE03197F1F731
:1081C00000C00000CFCF8FB7F89421E020931209B0
:1081D0008FBFDBCFBC0184E594E00E946746089521
:1081E000BC0184E594E00E94B24608950E941121EA
:1081F00084B7877F84BF0FB6F894A89580916000FC
:10820000886180936000109260000FBE80E890E06B
:108210000FB6F89480936100909361000FBE0E94A6
:10822000273D08950E9466430E94C843E2EEF0E0B5
:1082300080818460808378940E944C46089580E613
:1082400094E00E94F63A0895089584E594E00E942F
:10825000A14608959A014091B60A5091B70A0E942A
:1082600032410895492F55274330510521F168F4D3
:108270004130510509F443C04230510509F444C06E
:1082800090E080E050E040E026C04132510551F1DD
:1082900042325105A9F76330710590F7FB01EE0FEB
:1082A000FF1FE057FA4F4081518163577A4FFB011E
:1082B000808190E010C099278130910581F000976E
:1082C00029F00297E9F6E7E9F7E002C0EFEBF7E003
:1082D000849190E0AF01F901518340830895E3EB6D
:1082E000F7E0F6CF6330710558F6660F771FFB0194
:1082F000EA56FA4F4081518189E090E0ECCF82E16B
:1083000090E04BE758E0E7CF88EB90E043EC57E094
:10831000E2CFAF92BF92CF92DF92FF920F931F9363
:10832000CF93DF936C01EB018A010E943543F82E55
:10833000811123C00115110539F0F8018081918167
:10834000C81BD90BC80ED91EB12CA12C2097A9F09F
:108350008091E80085FD22C08091E8008E778093AF
:10836000E80001151105A1F0F80180819181A80EA6
:10837000B91EB182A08285E0F82E8F2DDF91CF91BA
:108380001F910F91FF90DF90CF90BF90AF90089515
:108390000E9435438823D1F2F82EEFCFF601819168
:1083A0006F018093F1002197FFEFAF1ABF0ACECF84
:1083B000AF92BF92CF92DF92FF920F931F93CF9312
:1083C000DF936C01EB018A010E943543F82E811185
:1083D00023C00115110539F0F80180819181C81B76
:1083E000D90BC80ED91EB12CA12C2097A9F08091D1
:1083F000E80085FD22C08091E8008B778093E8003B
:1084000001151105A1F0F80180819181A80EB91E16
:10841000B182A08285E0F82E8F2DDF91CF911F9140
:108420000F91FF90DF90CF90BF90AF9008950E9482
:1084300035438823D1F2F82EEFCF8091F100F60179
:1084400081936F012197FFEFAF1ABF0ACECFFC01D6
:108450008091B60A9091B70A86179707A0F0611528
:10846000710529F49091E8009E779093E80090E0E0
:108470006115710551F4911108C08091E80082FFE7
:1084800033C080E00895BC01F2CF8091AF0A882309
:10849000B9F18530B9F18091E80083FD2FC080915A
:1084A000E80082FDEACF8091E80080FFE1CF2091D3
:1084B000F2003091F3006115710519F02830310593
:1084C00058F091E02830310509F090E02091E80063
:1084D0002E772093E800CCCF81918093F1006150FA
:1084E00071092F5F3F4FE7CF8091AF0A882341F09A
:1084F000853041F08091E80083FFBFCF81E008958F
:1085000082E0089583E00895FC018091B60A90917D
:10851000B70A86179707A0F06115710529F48091B5
:10852000E8008E778093E80090E06115710551F4C2
:10853000911108C08091E80082FF34C080E0089566
:10854000BC01F2CF8091AF0A8823C1F18530C1F11F
:108550008091E80083FD30C08091E80082FDEACF81
:108560008091E80080FFE1CF2091F2003091F3008C
:108570006115710519F02830310558F091E0283067
:10858000310509F090E08091E8008E778093E80053
:10859000CCCF84918093F1003196615071092F5FA7
:1085A0003F4FE6CF8091AF0A882341F0853041F0FC
:1085B0008091E80083FFBECF81E0089582E00895B6
:1085C00083E00895982F973028F08F708093E9000A
:1085D00081E008959093E900242F762F50E09817BA
:1085E00031F07091EC002091ED005091F00021FDF0
:1085F00002C09F5FE8CF3091EB003E7F3093EB00ED
:108600003091ED003D7F3093ED003091EB00316013
:108610003093EB007093EC002093ED005093F0004A
:108620002091EE0027FDE5CF80E008958091B00A0B
:1086300087FF13C08091E80082FF06C08091E800A8
:108640008B778093E80004C08091AF0A8111F2CF4C
:1086500008958091AF0A8823D9F38091E80080FFC4
:10866000F8CF8091E8008E77ECCF2091E400309134
:10867000E50095E6A9012091EC00822F817020FF92
:1086800006C08091E80080FF06C080E00895209138
:10869000E80022FD1AC08091AF0A882389F0853056
:1086A00089F08091EB0085FD0FC02091E4003091AE
:1086B000E50042175307F9F29150E1F684E008957E
:1086C00082E0089583E0089581E008950E94D843F0
:1086D0000E94E043E0EEF0E0808181608083E8ED7D
:1086E000F0E080818F77808319BCA7EDB0E08C919A
:1086F0008E7F8C9380818F7E80831092AE0A089546
:108700000F931F93CF93DF930E94D8430E94E043BF
:10871000C8EDD0E088818F778883888180688883DE
:1087200088818F7D8883E7EDF0E080818068808399
:1087300019BC1092AF0A1092AB0A1092AD0A1092B7
:10874000AC0A00EE10E0F80180818B7F8083888185
:108750008160888342E060E080E00E94E242E1EED6
:10876000F0E080818E7F8083E2EEF0E080818160A6
:108770008083808188608083F80180818E7F808300
:10878000888180618883DF91CF911F910F91089537
:10879000E8EDF0E080818F7E8083E7EDF0E080817E
:1087A0008160808381E08093AE0A0E9480430895B7
:1087B000E8EDF0E080818C7F80831092E2000895E4
:1087C0001092DA001092E10008951F920F920FB6F6
:1087D0000F9211240BB60F922F933F934F935F93F9
:1087E0006F937F938F939F93AF93BF93EF93FF9379
:1087F0008091E10082FF0BC08091E20082FF07C000
:108800008091E1008B7F8093E1000E94693F80911D
:10881000DA0080FF19C08091D80080FF15C08091D8
:10882000DA008E7F8093DA008091D90080FF98C0B3
:1088300084E189BD86E189BD09B400FEFDCF81E0F8
:108840008093AF0A0E94173F8091E10080FF19C01A
:108850008091E20080FF15C08091E2008E7F8093BE
:10886000E2008091E20080618093E2008091D80074
:1088700080628093D80019BC85E08093AF0A0E9483
:10888000433F8091E10084FF2BC08091E20084FF90
:1088900027C084E189BD86E189BD89B5982F917093
:1088A00080FFFBCF8091D8008F7D8093D80080918E
:1088B000E1008F7E8093E1008091E2008F7E8093C3
:1088C000E2008091E20081608093E2008091AB0A37
:1088D000882309F44BC084E08093AF0A0E94543F80
:1088E0008091E10083FF29C08091E20083FF25C0D1
:1088F0008091E100877F8093E10082E08093AF0A5E
:108900001092AB0A8091E1008E7F8093E10080910C
:10891000E2008E7F8093E2008091E200806180938C
:10892000E20042E060E080E00E94E2428091F000DC
:1089300088608093F0000E94383FFF91EF91BF91D3
:10894000AF919F918F917F916F915F914F913F91E7
:108950002F910F900BBE0F900FBE0F901F90189588
:1089600019BC1092AF0A0E942D3F6ECF8091E30098
:1089700087FD93E09093AF0AB1CF1F920F920FB68D
:108980000F9211240BB60F922F933F934F935F9347
:108990006F937F938F939F93AF93BF93CF93DF9307
:1089A000EF93FF93D091E900DF708091EC00C82F26
:1089B000C17080FDC0E81092E9008091F000877FCF
:1089C0008093F00078940E9405451092E900809110
:1089D000F00088608093F000CD2BCF70C093E90049
:1089E000FF91EF91DF91CF91BF91AF919F918F91C7
:1089F0007F916F915F914F913F912F910F900BBE9F
:108A00000F900FBE0F901F901895AAE2B0E0EBE018
:108A1000F5E40C948B4B80EB9AE02091F100FC0183
:108A20002193CF01FAE0883B9F07B9F70E94CE3F20
:108A30008091E80083FF1EC18091B00A9091B10A35
:108A40009A3008F017C1E92FF0E0ED5EF24B0C947C
:108A5000644B803899F0823809F00CC18091B40AD7
:108A60008F70873008F006C18093E9008091EB0099
:108A700085FB882780F91092E90006C08091AC0A36
:108A80009091AD0A911182609091E800977F909348
:108A9000E8008093F1001092F1008091E8008E7759
:108AA000E5C0882309F4D3C0823009F0E3C0809187
:108AB000B20A8111D6C08091B40A8F702FEF280FAF
:108AC000263008F0D7C08093E9002091EB0020FF0A
:108AD000C8C0933031F48091EB0080628093EB004A
:108AE000C0C09091EB0090619093EB0021E030E0EA
:108AF00001C0220F8A95EAF72093EA001092EA005B
:108B00008091EB008860EACF8111B4C01091B20A65
:108B10001F778091E3008078812B8093E300809120
:108B2000E800877F8093E8000E9416438091E80068
:108B300080FFFCCF8091E30080688093E30082E0B7
:108B4000111183E08093AF0A95C08058823008F0FD
:108B500091C08091B20A9091B30A8C3D23E09207B4
:108B6000A1F583E08A838AE289834FB7F894DE0116
:108B7000139620E03EE051E2E32FF0E050935700DF
:108B8000E49120FF03C0E295EF703F5FEF708E2FFE
:108B900090E0EA30C0F0C7968D939D932F5F24310B
:108BA00059F74FBF8091E800877F8093E8006AE221
:108BB00070E0CE0101960E9427428091E8008B77F9
:108BC0008093E80057C0C096E7CF6091B40A7091D7
:108BD000B50AAE014F5F5F4F0E942A41BC01892B4D
:108BE00009F448C09091E800977F9093E80089814C
:108BF0009A810E948442E1CF8038E1F58091E800BB
:108C0000877F8093E8008091AB0A8093F10045CF85
:108C1000811130C09091B20A923060F58091E800E5
:108C2000877F8093E8009093AB0A0E94164380915F
:108C3000AB0A882311F084E005C08091E30087FD32
:108C4000FACF81E08093AF0A0E94AA3F13C08091BF
:108C5000B20A813079F481E0933009F080E08093AA
:108C6000AD0A1092E9008091E800877F8093E800C8
:108C70000E9416438091E80083FF0AC08091E800BB
:108C8000877F8093E8008091EB0080628093EB0007
:108C9000AA96E3E00C94A74BCF938091AF0A882368
:108CA000A1F0C091E900CF709091EC00892F817004
:108CB00090FD80E8C82B1092E9008091E80083FDC8
:108CC0000E940545CF70C093E900CF9108959B01A4
:108CD0004091AF0A4430C1F4FC0191819F709093A0
:108CE000E90050E040E064E070E0C9010E94894181
:108CF00081110BC09091E80095FD07C09091E800AC
:108D00009E779093E800089582E008952091AF0A3D
:108D1000243099F4FC0181818F708093E900809167
:108D2000F2009091F300892B51F08091E8008E774A
:108D30008093E8000E943543089582E0089580E022
:108D40000895FC018091AF0A843059F491819F709D
:108D50009093E9008091E80080FF03C0CF010E945A
:108D6000864608959B014091AF0A443011F080E09F
:108D70000895FC0196819F709093E9008091E8002E
:108D800082FFF5CF8091E80085FFF1CF50E040E011
:108D900064E070E0C9010E94D8418091E80085FD3F
:108DA00005C08091E8008B778093E80081E008950A
:108DB0005058BB27AA270E94F0460C94CC480E942A
:108DC000BE4838F00E94C54820F039F49F3F19F49E
:108DD00026F40C94BB480EF4E095E7FB0C94A748EE
:108DE000E92F0E94DD4858F3BA176207730784071A
:108DF000950720F079F4A6F50C94FF480EF4E09561
:108E00000B2EBA2FA02D0B01B90190010C01CA0144
:108E1000A0011124FF27591B99F0593F50F4503EEF
:108E200068F11A16F040A22F232F342F4427585FE1
:108E3000F3CF469537952795A795F0405395C9F7F9
:108E40007EF41F16BA0B620B730B840BBAF09150B1
:108E5000A1F0FF0FBB1F661F771F881FC2F70EC050
:108E6000BA0F621F731F841F48F487957795679523
:108E7000B795F7959E3F08F0B0CF9395880F08F00F
:108E80009927EE0F9795879508950E94834808F4D7
:108E900081E008950E945E470C94CC480E94C5482A
:108EA00058F00E94BE4840F029F45F3F29F00C942E
:108EB000A74851110C9400490C94BB480E94DD480E
:108EC00068F39923B1F3552391F3951B550BBB27F9
:108ED000AA2762177307840738F09F5F5F4F220F3E
:108EE000331F441FAA1FA9F335D00E2E3AF0E0E835
:108EF00032D091505040E695001CCAF72BD0FE2F7F
:108F000029D0660F771F881FBB1F26173707480712
:108F1000AB07B0E809F0BB0B802DBF01FF279358CA
:108F20005F4F3AF09E3F510578F00C94A7480C949F
:108F300000495F3FE4F3983ED4F3869577956795B3
:108F4000B795F7959F5FC9F7880F911D96958795FF
:108F500097F90895E1E0660F771F881FBB1F62171E
:108F600073078407BA0720F0621B730B840BBA0BDC
:108F7000EE1F88F7E09508950E94C3476894B111E9
:108F80000C94004908950E94E54888F09F5798F096
:108F9000B92F9927B751B0F0E1F0660F771F881FFE
:108FA000991F1AF0BA95C9F714C0B13091F00E9418
:108FB000FF48B1E008950C94FF48672F782F882769
:108FC000B85F39F0B93FCCF3869577956795B3953F
:108FD000D9F73EF490958095709561957F4F8F4FAE
:108FE0009F4F0895E89409C097FB3EF490958095B3
:108FF000709561957F4F8F4F9F4F9923A9F0F92F5F
:1090000096E9BB279395F695879577956795B795DC
:10901000F111F8CFFAF4BB0F11F460FF1BC06F5FC2
:109020007F4F8F4F9F4F16C0882311F096E911C0D4
:10903000772321F09EE8872F762F05C0662371F0F5
:1090400096E8862F70E060E02AF09A95660F771F09
:10905000881FDAF7880F9695879597F908950E94EB
:10906000BE4820F019F00E94C54850F40C94BB484B
:109070000C940049E92F0E94DD4888F35523B1F391
:10908000E7FB6217730784079507A8F189F3E92FB7
:10909000FF2788232AF03197660F771F881FDAF79A
:1090A000952F5527442332F091505040220F331F03
:1090B000441FD2F7BB27E91BF50B621B730B840B14
:1090C000B109B1F222F4620F731F841FB11D3197F1
:1090D0002AF0660F771F881FBB1FEFCF91505040BB
:1090E00062F041F0882332F0660F771F881F91509D
:1090F0005040C1F793950C94AD4886957795679548
:109100009F5FD9F7F7CF990F0008550FAA0BE0E83A
:10911000FEEF16161706E807F907C0F01216130639
:10912000E407F50798F0621B730B840B950B39F479
:109130000A2661F0232B242B252B21F408950A26DF
:1091400009F4A140A6958FEF811D811D089597F91F
:109150009F6780E870E060E008959F3F31F0915094
:1091600020F4879577956795B795880F911D96950B
:10917000879597F908959FEF80EC089500240A944D
:109180001616170618060906089500240A941216E2
:109190001306140605060895092E0394000C11F415
:1091A000882352F0BB0F40F4BF2B11F460FF04C0C2
:1091B0006F5F7F4F8F4F9F4F089557FD9058440F1B
:1091C000551F59F05F3F71F04795880F97FB991F26
:1091D00061F09F3F79F087950895121613061406E3
:1091E000551FF2CF4695F1DF08C016161706180670
:1091F000991FF1CF86957105610508940895E8944B
:10920000BB2766277727CB0197F908950E948348EB
:1092100008F48FEF08950E941E490C94CC480E94D8
:10922000BE4838F00E94C54820F0952311F00C94F8
:10923000A7480C94BB4811240C9400490E94DD48B7
:1092400070F3959FC1F3950F50E0551F629FF00199
:10925000729FBB27F00DB11D639FAA27F00DB11DB2
:10926000AA1F649F6627B00DA11D661F829F22273B
:10927000B00DA11D621F739FB00DA11D621F839FC2
:10928000A00D611D221F749F3327A00D611D231F98
:10929000849F600D211D822F762F6A2F11249F57E6
:1092A00050409AF0F1F088234AF0EE0FFF1FBB1FE9
:1092B000661F771F881F91505040A9F79E3F5105A8
:1092C00080F00C94A7480C9400495F3FE4F3983E6B
:1092D000D4F3869577956795B795F795E7959F5F52
:1092E000C1F7FE2B880F911D9695879597F90895E4
:1092F000FA01EE0FFF1F309621053105A1F161152E
:10930000710561F48038BFE39B0749F16894903898
:10931000810561F08038BFEF9B0741F099234AF542
:10932000FF3FE1053105210519F1E8940894E7951F
:10933000D901AA2329F4AB2FBE2FF85FD0F310C0B8
:10934000FF5F70F4A695E0F7F73950F019F0FF3A97
:1093500038F49F779F930DD00F9007FC9058089595
:1093600046F00C94BB4860E070E080E89FE308950D
:109370004FE79F775F934F933F932F930E94734ADA
:109380002F913F914F915F910E940B490C94D049CE
:1093900029F416F00C94A7480C94FF480C94BB4891
:1093A0000E94E548A8F39638A0F707F80F92E894D2
:1093B0002BE33AEA48EB5FE70E9421490F920F92B4
:1093C0000F924DB75EB70F920E94BB4AE8E9F0E0FA
:1093D0000E94024A4F915F91EF91FF91E595EE1F38
:1093E000FF1F49F0FE57E0684427EE0F441FFA952F
:1093F000E1F74195550B0E94354A0F9007FE0C94FA
:10940000294A0895DF93CF931F930F93FF92EF9212
:10941000DF927B018C01689406C0DA2EEF010E9476
:109420001E49FE01E894A5912591359145915591EC
:10943000A6F3EF010E94F046FE019701A801DA941D
:1094400069F7DF90EF90FF900F911F91CF91DF911F
:1094500008959B01AC0160E070E080E89FE30C940C
:109460004A470C94A7480C94AD480E94E548D8F3AD
:109470009923C9F3940F511DA3F39150504094F0D8
:1094800059F0882332F0660F771F881F91505040A3
:10949000C1F79E3F51052CF7880F911D9695879532
:1094A00097F908955F3FACF0983E9CF0BB278695F6
:1094B00077956795B79508F4B1609395C1F7BB0FA1
:1094C00058F711F460FFE8CF6F5F7F4F8F4F9F4FCA
:1094D000E3CF0C94004916F00C94AD480C94BB48B3
:1094E00068940C94A7480E94E548A8F39923C1F317
:1094F000AEF3DF93CF931F930F93FF92C92FDD2716
:1095000088232AF02197660F771F881FDAF720E05B
:1095100030E040E85FEB9FE3883920F0803E38F090
:1095200021968F770E94D946E0ECF0E004C00E94BB
:10953000D946EDEEF0E00E94024A8B01BE01EC013B
:10954000FB2E6F5771097595771F880B990B0E9439
:10955000F44728E132E741E35FE30E941E49AF2D63
:109560009801AE01FF900F911F91CF91DF910E9462
:10957000F0460C94CC48FA01DC01AA0FBB1F9B01FA
:10958000AC01BF5728F4222733274427507820C046
:10959000B75190F4AB2F0024469537952795011CC1
:1095A000A395D2F3002071F0220F331F441FB3950F
:1095B000DAF30ED00C94D84661307105A0E88A0722
:1095C000B94630F49B01AC0166277727882790784D
:1095D000309621F020833183428353830895991B71
:1095E00079E004C0991F961708F0961B881F7A959A
:1095F000C9F780950895AA1BBB1B51E107C0AA1F9C
:10960000BB1FA617B70710F0A61BB70B881F991F23
:109610005A95A9F780959095BC01CD01089597FBC7
:10962000072E16F4009407D077FD09D00E94FB4A5C
:1096300007FC05D03EF4909581959F4F0895709555
:1096400061957F4F0895A1E21A2EAA1BBB1BFD0155
:109650000DC0AA1FBB1FEE1FFF1FA217B307E40711
:10966000F50720F0A21BB30BE40BF50B661F771F69
:10967000881F991F1A9469F7609570958095909549
:109680009B01AC01BD01CF010895052E97FB1EF48F
:1096900000940E945C4B57FD07D00E94234B07FCAF
:1096A00003D04EF40C945C4B509540953095219529
:1096B0003F4F4F4F5F4F08959095809570956195FE
:1096C0007F4F8F4F9F4F0895EE0FFF1F0024001C08
:1096D0000BBE0790F691E02D0994A29FB001B39FB5
:1096E000C001A39F700D811D1124911DB29F700DAB
:1096F000811D1124911D08952F923F924F925F92E8
:109700006F927F928F929F92AF92BF92CF92DF9291
:10971000EF92FF920F931F93CF93DF93CDB7DEB7F6
:10972000CA1BDB0B0FB6F894DEBF0FBECDBF09948A
:109730002A88398848885F846E847D848C849B84E1
:10974000AA84B984C884DF80EE80FD800C811B81EF
:10975000AA81B981CE0FD11D0FB6F894DEBF0FBE1E
:10976000CDBFED0108958F929F92AF92BF92CF929D
:10977000DF92EF92FF92CF93DF93EC0168817981C2
:109780008A819B81611571058105910521F464E24F
:1097900079ED8BE597E02DE133EF41E050E00E9459
:1097A000454B49015A019B01AC01A7EAB1E40E9473
:1097B0007E4C6B017C01ACEEB4EFA50194010E94DC
:1097C0008C4CDC01CB018C0D9D1DAE1DBF1DB7FF68
:1097D00003C00197A109B04888839983AA83BB83FA
:1097E0009F77DF91CF91FF90EF90DF90CF90BF9068
:1097F000AF909F908F9008950C94B34B80E091E0D0
:109800000C94B34BB0E0A0E0809300019093010171
:10981000A0930201B09303010895FB01DC0102C093
:1098200005900D9241505040D8F70895FB01DC019E
:1098300004C08D910190801921F441505040C8F727
:10984000881B990B0895FB01DC0102C001900D9269
:1098500041505040D8F70895DC01CB01FC01F99943
:10986000FECF06C0F2BDE1BDF89A319600B40D926C
:1098700041505040B8F70895F999FECF92BD81BD8F
:10988000F89A992780B50895A8E1B0E042E050E049
:109890000C942E4CDC01A40FB51F4150504048F0F1
:1098A000CB01840F951F2E910E945B4C415050407C
:1098B000D0F70895262FF999FECF92BD81BDF89A71
:1098C000019700B4021639F01FBA20BD0FB6F89404
:1098D000FA9AF99A0FBE08950396272F0E945B4CBF
:1098E0000E945A4C252F0E945B4C242F0C945B4CF9
:1098F0000196272F0E945B4C0C945A4C0E946D4B92
:10990000A59F900DB49F900DA49F800D911D1124D3
:109910000895B7FF0C947E4C0E947E4C821B930BE3
:109920000895F894FFCFDB08DB082B092B09900979
:109930000A090A090A09AC091D0A2C0A2C0A5E1C2C
:10994000821C881C9A1C5F1D601C9C1DC71DF61D77
:10995000AD2FB92FBF2FC42FC92FCE2FD32FD82F64
:10996000DD2FE22FE72FEC2FF12FF62FFB2F00300A
:1099700005300A300F30143019301E3023302830B3
:109980002D30323037303C304130CA30A63155327C
:109990005A325F32643269326E32733278327D32DB
:1099A000823287328C3291329632BD36C436CB3613
:1099B000D036D536DA36DF36E436E936EE36F336EB
:1099C000F836FC36FE360037BF36BF36BF36BF36F8
:1099D000BF36BF36C2374338CA3779377D37CE37BF
:1099E0008137D237DE378D373C389137E2379537BC
:1099F000E63726389937EA372D389F37F03706385B
:109A00008537D6378937DA37B737FB3717383638DF
:109A10003A387337C6374A38CF3AD53ABE3AC93A98
:109A2000DB3AE13AE73A294551453A4651453A464B
:0A9A30008445A5453A46FC4508466A
:109A3A0001000000000102030405060708090A0BD9
:109A4A000C0D0E0F101112131415161718191A1BD4
:109A5A001C1D1E1F202122232425262728292B2CC2
:109A6A002D2E2F300000140028003D005100650003
:109A7A007A008E00A200B700CB00DF000015141593
:109A8A0028153D15511565157A158E15A215B715A8
:109A9A00CB15DF15002A142A282A3D2A512A652ABD
:109AAA007A2A8E2AA22AB72ACB2ADF2A003F143F13
:109ABA00283F3D3F513F653F6F3F7A3F8E3FA23F70
:109ACA00B73FCB3FDF3F0104040404040404040449
:109ADA000401010404040404040404040401010448
:109AEA00040404040404040404010101010101043E
:109AFA000404010101010152D02445000000410083
:109B0A0000DC440000004152D0A444000040412C33
:109B1A00064C0600005C44000080415C978A4400C1
:109B2A0000804152D0A444000080410000DC44007F
:109B3A00008041010000DC440000004100005C4458
:109B4A000000004100005C44000000410000DC44C9
:109B5A000000004152D0A444000000410000DC444F
:109B6A000000004152D02445000040417800000026
:109B7A003E0000003F320300FF00FFFF390548F1B5
:109B8A0076440000C04000005C440000C04048F138
:109B9A0076440000C04000005C440000C040000061
:109BAA005C440000004100005C440000004148F1B0
:109BBA0076440000C04000005C440000C04048F108
:109BCA0076440000C04000005C440000C040000031
:109BDA005C440000004100005C44000000410000B9
:109BEA00DC44000000410AA7CF44000000415CFFAA
:109BFA00B8440000004152D0A444000000411FD5DF
:109C0A009244000000415C978A440000004148F1F8
:109C1A0076440000004100005C440000004100005E
:109C2A005C440000004148F17644000000415C9722
:109C3A008A44000000411FD592440000004152D0DE
:109C4A00A444000000415CFFB844000000410AA798
:109C5A00CF44000000410000DC4400000041000045
:109C6A00DC44000000410AA7CF44000000415CFF29
:109C7A00B8440000004152D0A444000000411FD55E
:109C8A009244000000415C978A440000004148F178
:109C9A0076440000004100005C44000000410000DE
:109CAA005C440000004148F17644000000415C97A2
:109CBA008A44000000411FD592440000004152D05E
:109CCA00A444000000415CFFB844000000410AA718
:109CDA00CF44000000410000DC44000000410000C5
:109CEA005C44000080411F1569440000804148F12E
:109CFA0076440000804100D08244000080415C9795
:109D0A008A4400008041A4D024440000804100001D
:109D1A005C44000080411FD59244000080415CFFF2
:109D2A00C3440000804100000000000000005CFF06
:109D3A004344000080411FD5924400008041000046
:109D4A00DC440000804152D02445000080410000DC
:109D5A0000000000000000005C440000804148F15F
:109D6A007644000080415C978A44000080411FD5F8
:109D7A0092440000804152D0A44400008041640013
:109D8A000307000C048440000001054000000100A4
:109D9A00CD3E033FFC3ED03EF53E0100FFFF0002F0
:109DAA00040507090B0C0E1011131517181A1C1DA0
:109DBA001F2123242628292B2D2F303234353739D9
:109DCA003BE200E900EA00B500B600B700CD008327
:109DDA0001CC008A01920194012102230224022566
:109DEA0002260227022A02B300B4006F0070009F05
:109DFA0001CB019F02A002818283E200E900EA000E
:109E0A00B500B600B700CD008301CC008A019201EB
:109E1A0094012102230224022502260227022A0291
:109E2A00B300B4006F0070009F01CB019F02A00233
:109E3A00818283C6C3C4939495600706C1C09730D4
:109E4A00C7F0F13149803F5D8B803FF8BF803FCA40
:109E5A00E1803F73ED803FCAE1803FF8BF803F5DFC
:109E6A008B803F3149803F0000803FF16D7F3F7515
:109E7A00EA7E3F4C827E3F833F7E3F84287E3F833B
:109E8A003F7E3F4C827E3F75EA7E3FF16D7F3F0009
:109E9A0000803F02030200000100010101010100EC
:109EAA0001014E4F454550524F4D00003131295A5C
:109EBA001B750A7F3645359D359A367476446D157D
:0C9ECA000F09A2088D08D507EE07070855
:00000001FF
